JunctionName,Date,timeOfDay,travel_Direction_in,travel_Direction_out,Weather_Conditions,JunctionSpeedLimit,VehicleSpeed,VehicleType,elctricHybrid
Elm Avenue/Rabbit Road,29/06/2024,19:40:20,E,E,Overcast,30,19,Truck,False
Elm Avenue/Rabbit Road,29/06/2024,03:23:35,W,E,Light Rain,30,15,Car,False
Hanley Highway/Westway,29/06/2024,00:28:44,SE,NE,Clear,20,14,Bicycle,True
Hanley Highway/Westway,29/06/2024,21:15:10,SE,SW,Clear,20,9,Car,False
Hanley Highway/Westway,29/06/2024,15:14:16,N,N,Light Rain,20,12,Car,False
Hanley Highway/Westway,29/06/2024,01:22:28,SE,N,Overcast,20,11,Buss,False
Hanley Highway/Westway,29/06/2024,08:05:13,SE,SE,Cloudy,20,15,Truck,False
Hanley Highway/Westway,29/06/2024,15:28:56,NE,S,Overcast,20,18,Truck,True
Elm Avenue/Rabbit Road,29/06/2024,21:09:29,W,E,Clear,30,15,Motorcycle,True
Elm Avenue/Rabbit Road,29/06/2024,21:45:00,S,S,Light Rain,30,29,Bicycle,True
Hanley Highway/Westway,29/06/2024,04:45:33,SE,SW,Rain,20,6,Motorcycle,False
Elm Avenue/Rabbit Road,29/06/2024,06:53:55,N,N,Light Rain,30,31,Bicycle,False
Hanley Highway/Westway,29/06/2024,11:15:32,NW,NW,Light Rain,20,18,Car,False
Hanley Highway/Westway,29/06/2024,13:15:11,SE,W,Light Rain,20,28,Car,False
Elm Avenue/Rabbit Road,29/06/2024,07:37:34,E,E,Rain,30,23,Car,False
Hanley Highway/Westway,29/06/2024,00:37:57,SW,W,Rain,20,11,Car,True
Elm Avenue/Rabbit Road,29/06/2024,06:51:04,N,N,Sunny,30,28,Scooter,False
Hanley Highway/Westway,29/06/2024,23:13:20,SE,SE,Rain,20,20,Motorcycle,False
Elm Avenue/Rabbit Road,29/06/2024,00:41:10,E,N,Sunny,30,19,Scooter,False
Elm Avenue/Rabbit Road,29/06/2024,17:49:48,E,S,Clear,30,23,Car,False
Hanley Highway/Westway,29/06/2024,02:01:03,W,SE,Overcast,20,8,Buss,False
Elm Avenue/Rabbit Road,29/06/2024,19:02:08,N,W,Light Rain,30,21,Van,False
Elm Avenue/Rabbit Road,29/06/2024,21:46:44,W,N,Overcast,30,16,Bicycle,False
Elm Avenue/Rabbit Road,29/06/2024,04:54:29,W,W,Overcast,30,40,Car,False
Hanley Highway/Westway,29/06/2024,20:37:27,W,W,Overcast,20,40,Car,False
Hanley Highway/Westway,29/06/2024,13:51:48,SW,SE,Clear,20,19,Car,False
Hanley Highway/Westway,29/06/2024,16:54:48,E,W,Rain,20,12,Car,False
Elm Avenue/Rabbit Road,29/06/2024,15:25:37,W,W,Rain,30,23,Van,False
Elm Avenue/Rabbit Road,29/06/2024,10:20:56,N,E,Overcast,30,17,Car,False
Elm Avenue/Rabbit Road,29/06/2024,20:04:03,N,W,Rain,30,26,Buss,False
Elm Avenue/Rabbit Road,29/06/2024,09:24:54,E,W,Clear,30,30,Motorcycle,False
Hanley Highway/Westway,29/06/2024,21:56:34,NE,NE,Light Rain,20,6,Truck,False
Elm Avenue/Rabbit Road,29/06/2024,11:45:34,S,W,Overcast,30,25,Scooter,False
Elm Avenue/Rabbit Road,29/06/2024,04:37:22,S,S,Rain,30,28,Car,False
Hanley Highway/Westway,29/06/2024,21:19:23,E,NW,Light Rain,20,13,Buss,False
Hanley Highway/Westway,29/06/2024,17:43:55,SE,SE,Heavy Rain,20,17,Car,False
Hanley Highway/Westway,29/06/2024,10:54:09,E,E,Overcast,20,25,Car,False
Hanley Highway/Westway,29/06/2024,20:08:41,SE,SE,Sunny,20,8,Car,False
Elm Avenue/Rabbit Road,29/06/2024,14:00:55,E,W,Clear,30,16,Buss,False
Elm Avenue/Rabbit Road,29/06/2024,05:07:41,N,N,Overcast,30,20,Car,False
Hanley Highway/Westway,29/06/2024,01:51:00,S,S,Clear,20,26,Bicycle,False
Elm Avenue/Rabbit Road,29/06/2024,21:54:04,S,N,Overcast,30,29,Car,False
Hanley Highway/Westway,29/06/2024,17:28:42,SE,N,Sunny,20,31,Truck,False
Hanley Highway/Westway,29/06/2024,15:01:34,N,NE,Overcast,20,9,Motorcycle,False
Hanley Highway/Westway,29/06/2024,10:04:40,SW,W,Overcast,20,5,Bicycle,True
Hanley Highway/Westway,29/06/2024,09:53:48,E,E,Overcast,20,25,Car,True
Elm Avenue/Rabbit Road,29/06/2024,22:47:22,E,S,Overcast,30,35,Buss,False
Hanley Highway/Westway,29/06/2024,09:03:27,NW,NE,Clear,20,24,Buss,False
Hanley Highway/Westway,29/06/2024,15:57:29,NE,NW,Overcast,20,19,Car,False
Hanley Highway/Westway,29/06/2024,14:00:57,E,S,Overcast,20,7,Motorcycle,False
Elm Avenue/Rabbit Road,29/06/2024,12:28:36,S,S,Overcast,30,15,Buss,False
Elm Avenue/Rabbit Road,29/06/2024,21:04:00,S,S,Light Rain,30,16,Buss,False
Elm Avenue/Rabbit Road,29/06/2024,01:21:36,E,E,Sunny,30,21,Buss,False
Elm Avenue/Rabbit Road,29/06/2024,06:47:16,S,W,Overcast,30,27,Scooter,True
Hanley Highway/Westway,29/06/2024,08:17:01,W,W,Overcast,20,16,Car,True
Elm Avenue/Rabbit Road,29/06/2024,03:23:46,W,W,Overcast,30,25,Truck,False
Hanley Highway/Westway,29/06/2024,20:37:43,E,SE,Sunny,20,29,Car,False
Hanley Highway/Westway,29/06/2024,06:13:56,S,E,Heavy Rain,20,19,Car,False
Elm Avenue/Rabbit Road,29/06/2024,09:41:11,N,N,Heavy Rain,30,31,Buss,False
Hanley Highway/Westway,29/06/2024,05:25:17,N,SE,Overcast,20,11,Scooter,True
Elm Avenue/Rabbit Road,29/06/2024,23:13:55,E,S,Sunny,30,19,Buss,False
Hanley Highway/Westway,29/06/2024,09:10:31,E,E,Rain,20,15,Truck,False
Hanley Highway/Westway,29/06/2024,01:51:00,SE,SE,Clear,20,18,Car,False
Elm Avenue/Rabbit Road,29/06/2024,22:44:11,N,N,Clear,30,17,Truck,True
Elm Avenue/Rabbit Road,29/06/2024,15:52:00,E,N,Clear,30,18,Motorcycle,False
Elm Avenue/Rabbit Road,29/06/2024,02:50:56,N,E,Heavy Rain,30,44,Motorcycle,True
Hanley Highway/Westway,29/06/2024,19:35:51,NE,SW,Overcast,20,20,Buss,True
Hanley Highway/Westway,29/06/2024,18:14:03,NW,NW,Overcast,20,14,Car,False
Elm Avenue/Rabbit Road,29/06/2024,04:32:20,E,E,Light Rain,30,46,Buss,False
Elm Avenue/Rabbit Road,29/06/2024,19:32:43,S,S,Overcast,30,25,Car,True
Elm Avenue/Rabbit Road,29/06/2024,23:05:55,E,N,Sunny,30,19,Buss,False
Elm Avenue/Rabbit Road,29/06/2024,12:23:25,N,S,Heavy Rain,30,26,Buss,False
Elm Avenue/Rabbit Road,29/06/2024,05:26:05,S,S,Rain,30,16,Car,False
Hanley Highway/Westway,29/06/2024,14:13:54,W,W,Light Rain,20,12,Car,False
Elm Avenue/Rabbit Road,29/06/2024,22:37:51,E,E,Overcast,30,26,Van,False
Elm Avenue/Rabbit Road,29/06/2024,21:22:41,S,S,Overcast,30,26,Car,True
Elm Avenue/Rabbit Road,29/06/2024,23:33:46,N,N,Clear,30,16,Car,True
Elm Avenue/Rabbit Road,29/06/2024,07:21:19,W,W,Cloudy,30,21,Car,False
Hanley Highway/Westway,29/06/2024,19:21:51,S,S,Rain,20,23,Scooter,False
Hanley Highway/Westway,29/06/2024,00:31:13,S,N,Overcast,20,17,Buss,False
Elm Avenue/Rabbit Road,29/06/2024,10:04:29,N,W,Overcast,30,25,Car,False
Hanley Highway/Westway,29/06/2024,11:16:27,S,S,Sunny,20,18,Buss,False
Elm Avenue/Rabbit Road,29/06/2024,22:57:44,S,N,Light Rain,30,22,Truck,False
Hanley Highway/Westway,29/06/2024,11:33:51,NW,SE,Heavy Rain,20,20,Scooter,True
Elm Avenue/Rabbit Road,29/06/2024,12:49:37,N,N,Clear,30,24,Car,False
Elm Avenue/Rabbit Road,29/06/2024,09:03:35,S,W,Cloudy,30,17,Buss,False
Hanley Highway/Westway,29/06/2024,11:10:51,NE,N,Rain,20,25,Car,False
Hanley Highway/Westway,29/06/2024,17:05:09,NE,NE,Clear,20,13,Truck,True
Hanley Highway/Westway,29/06/2024,03:37:16,NW,W,Overcast,20,16,Buss,False
Hanley Highway/Westway,29/06/2024,21:19:28,N,NW,Clear,20,13,Buss,False
Elm Avenue/Rabbit Road,29/06/2024,22:53:38,N,W,Light Rain,30,24,Car,False
Hanley Highway/Westway,29/06/2024,08:03:11,N,S,Clear,20,22,Car,False
Elm Avenue/Rabbit Road,29/06/2024,05:39:29,S,E,Overcast,30,21,Car,True
Elm Avenue/Rabbit Road,29/06/2024,13:06:49,S,S,Overcast,30,44,Van,False
Elm Avenue/Rabbit Road,29/06/2024,12:10:53,S,E,Overcast,30,19,Car,True
Hanley Highway/Westway,29/06/2024,01:55:17,SW,N,Light Rain,20,8,Motorcycle,False
Elm Avenue/Rabbit Road,29/06/2024,13:22:01,S,S,Overcast,30,22,Car,False
Hanley Highway/Westway,29/06/2024,13:02:04,S,S,Overcast,20,10,Motorcycle,False
Elm Avenue/Rabbit Road,29/06/2024,03:47:14,N,N,Clear,30,21,Truck,False
Elm Avenue/Rabbit Road,29/06/2024,15:20:25,N,N,Clear,30,24,Car,False
Hanley Highway/Westway,29/06/2024,09:15:55,NW,NW,Sunny,20,15,Van,False
Elm Avenue/Rabbit Road,29/06/2024,19:38:41,S,S,Overcast,30,22,Car,False
Hanley Highway/Westway,29/06/2024,23:57:17,NE,W,Light Rain,20,37,Car,False
Elm Avenue/Rabbit Road,29/06/2024,15:25:03,W,W,Clear,30,16,Car,True
Elm Avenue/Rabbit Road,29/06/2024,07:09:01,E,E,Sunny,30,29,Buss,True
Hanley Highway/Westway,29/06/2024,00:00:15,SW,SW,Light Rain,20,15,Bicycle,False
Elm Avenue/Rabbit Road,29/06/2024,19:39:42,N,N,Light Rain,30,30,Truck,False
Elm Avenue/Rabbit Road,29/06/2024,08:53:46,S,W,Clear,30,26,Buss,False
Elm Avenue/Rabbit Road,29/06/2024,12:04:58,E,S,Clear,30,16,Buss,False
Hanley Highway/Westway,29/06/2024,03:43:51,E,SE,Clear,20,12,Car,True
Hanley Highway/Westway,29/06/2024,08:11:54,NW,NW,Rain,20,19,Car,False
Hanley Highway/Westway,29/06/2024,16:02:54,NW,N,Cloudy,20,15,Car,False
Hanley Highway/Westway,29/06/2024,02:33:13,S,S,Sunny,20,7,Buss,False
Hanley Highway/Westway,29/06/2024,17:14:58,W,W,Overcast,20,14,Bicycle,False
Elm Avenue/Rabbit Road,29/06/2024,01:30:38,N,N,Sunny,30,20,Scooter,True
Hanley Highway/Westway,29/06/2024,13:47:40,E,E,Light Rain,20,14,Car,False
Hanley Highway/Westway,29/06/2024,04:14:50,N,N,Sunny,20,8,Car,True
Elm Avenue/Rabbit Road,29/06/2024,03:07:21,W,W,Clear,30,31,Truck,False
Hanley Highway/Westway,29/06/2024,12:21:43,N,SW,Overcast,20,9,Car,False
Elm Avenue/Rabbit Road,29/06/2024,15:58:41,E,S,Sunny,30,18,Car,False
Hanley Highway/Westway,29/06/2024,00:16:46,SE,NE,Rain,20,13,Car,True
Elm Avenue/Rabbit Road,29/06/2024,19:54:07,E,E,Sunny,30,29,Car,False
Hanley Highway/Westway,29/06/2024,16:47:40,E,S,Overcast,20,6,Buss,False
Hanley Highway/Westway,29/06/2024,04:12:17,W,W,Clear,20,16,Buss,False
Elm Avenue/Rabbit Road,29/06/2024,20:20:09,S,E,Clear,30,17,Buss,False
Hanley Highway/Westway,29/06/2024,15:37:40,E,E,Cloudy,20,9,Buss,False
Elm Avenue/Rabbit Road,29/06/2024,11:09:53,S,W,Overcast,30,24,Van,False
Elm Avenue/Rabbit Road,29/06/2024,16:42:32,N,W,Heavy Rain,30,30,Buss,False
Hanley Highway/Westway,29/06/2024,11:21:58,SE,SE,Heavy Rain,20,16,Car,False
Elm Avenue/Rabbit Road,29/06/2024,04:28:38,E,E,Overcast,30,22,Van,False
Hanley Highway/Westway,29/06/2024,01:06:36,SW,SW,Overcast,20,15,Car,False
Hanley Highway/Westway,29/06/2024,16:26:50,NW,E,Cloudy,20,14,Car,False
Elm Avenue/Rabbit Road,29/06/2024,10:02:02,N,N,Clear,30,25,Buss,False
Elm Avenue/Rabbit Road,29/06/2024,19:19:48,N,N,Overcast,30,19,Motorcycle,True
Elm Avenue/Rabbit Road,29/06/2024,06:58:50,S,N,Clear,30,29,Motorcycle,False
Elm Avenue/Rabbit Road,29/06/2024,21:03:29,E,E,Clear,30,40,Car,False
Hanley Highway/Westway,29/06/2024,10:24:05,N,E,Sunny,20,11,Van,False
Hanley Highway/Westway,29/06/2024,08:30:41,N,SE,Overcast,20,10,Motorcycle,False
Elm Avenue/Rabbit Road,29/06/2024,11:55:14,N,N,Overcast,30,16,Van,True
Hanley Highway/Westway,29/06/2024,01:11:35,NE,W,Sunny,20,17,Bicycle,False
Elm Avenue/Rabbit Road,29/06/2024,16:49:22,E,W,Light Rain,30,21,Car,False
Elm Avenue/Rabbit Road,29/06/2024,22:57:41,W,W,Overcast,30,17,Van,True
Hanley Highway/Westway,29/06/2024,19:05:19,S,S,Clear,20,19,Bicycle,False
Hanley Highway/Westway,29/06/2024,10:36:53,S,S,Overcast,20,19,Truck,False
Hanley Highway/Westway,29/06/2024,06:38:53,N,N,Clear,20,9,Bicycle,False
Elm Avenue/Rabbit Road,29/06/2024,01:49:14,S,S,Light Rain,30,19,Van,False
Hanley Highway/Westway,29/06/2024,07:20:40,SE,SE,Light Rain,20,14,Car,False
Hanley Highway/Westway,29/06/2024,06:53:07,W,N,Clear,20,9,Scooter,False
Hanley Highway/Westway,29/06/2024,06:01:35,NE,SW,Clear,20,29,Buss,False
Hanley Highway/Westway,29/06/2024,09:18:46,SE,E,Light Rain,20,9,Bicycle,False
Hanley Highway/Westway,29/06/2024,19:22:52,NW,SW,Overcast,20,5,Buss,False
Hanley Highway/Westway,29/06/2024,07:32:25,S,NE,Sunny,20,9,Buss,True
Elm Avenue/Rabbit Road,29/06/2024,01:19:44,N,E,Cloudy,30,20,Buss,False
Hanley Highway/Westway,29/06/2024,05:36:10,N,SW,Overcast,20,14,Car,False
Hanley Highway/Westway,29/06/2024,19:11:22,N,SE,Overcast,20,16,Car,False
Elm Avenue/Rabbit Road,29/06/2024,05:34:42,E,S,Overcast,30,22,Car,False
Elm Avenue/Rabbit Road,29/06/2024,12:29:07,S,S,Rain,30,41,Car,True
Hanley Highway/Westway,29/06/2024,18:50:15,S,S,Overcast,20,9,Scooter,True
Hanley Highway/Westway,29/06/2024,16:06:19,E,W,Overcast,20,6,Car,False
Hanley Highway/Westway,29/06/2024,13:41:36,NW,NW,Clear,20,16,Buss,False
Elm Avenue/Rabbit Road,29/06/2024,10:42:22,N,S,Clear,30,22,Buss,False
Elm Avenue/Rabbit Road,29/06/2024,03:16:44,N,N,Overcast,30,31,Motorcycle,False
Elm Avenue/Rabbit Road,29/06/2024,22:42:18,E,S,Clear,30,28,Buss,True
Elm Avenue/Rabbit Road,29/06/2024,16:59:19,N,S,Light Rain,30,21,Scooter,False
Elm Avenue/Rabbit Road,29/06/2024,22:52:35,N,S,Overcast,30,26,Buss,True
Hanley Highway/Westway,29/06/2024,11:30:32,NW,S,Sunny,20,16,Scooter,False
Hanley Highway/Westway,29/06/2024,03:15:08,W,N,Clear,20,34,Car,False
Hanley Highway/Westway,29/06/2024,04:15:04,NW,S,Overcast,20,15,Car,False
Elm Avenue/Rabbit Road,29/06/2024,05:44:50,S,S,Rain,30,15,Scooter,False
Elm Avenue/Rabbit Road,29/06/2024,01:43:03,E,W,Overcast,30,21,Car,False
Hanley Highway/Westway,29/06/2024,08:25:08,S,S,Light Rain,20,37,Car,False
Elm Avenue/Rabbit Road,29/06/2024,17:10:11,N,E,Clear,30,23,Car,True
Hanley Highway/Westway,29/06/2024,15:29:29,S,S,Overcast,20,37,Car,False
Hanley Highway/Westway,29/06/2024,10:35:23,NE,SW,Rain,20,7,Motorcycle,False
Hanley Highway/Westway,29/06/2024,09:02:40,S,S,Sunny,20,13,Buss,False
Hanley Highway/Westway,29/06/2024,10:42:38,NW,NW,Clear,20,9,Car,False
Elm Avenue/Rabbit Road,29/06/2024,18:10:46,N,W,Rain,30,27,Van,False
Elm Avenue/Rabbit Road,29/06/2024,06:42:54,N,W,Overcast,30,30,Car,False
Hanley Highway/Westway,29/06/2024,17:41:46,SW,SW,Overcast,20,18,Car,False
Elm Avenue/Rabbit Road,29/06/2024,13:43:17,W,S,Light Rain,30,50,Bicycle,False
Hanley Highway/Westway,29/06/2024,05:55:22,NW,NW,Overcast,20,6,Bicycle,False
Elm Avenue/Rabbit Road,29/06/2024,03:05:47,E,E,Cloudy,30,31,Car,False
Elm Avenue/Rabbit Road,29/06/2024,12:50:06,N,S,Overcast,30,26,Van,False
Hanley Highway/Westway,29/06/2024,17:07:16,N,NE,Overcast,20,12,Car,False
Elm Avenue/Rabbit Road,29/06/2024,21:15:17,S,N,Overcast,30,41,Car,False
Elm Avenue/Rabbit Road,29/06/2024,12:07:58,S,S,Overcast,30,23,Car,False
Hanley Highway/Westway,29/06/2024,17:39:33,N,N,Overcast,20,10,Car,False
Hanley Highway/Westway,29/06/2024,10:15:37,S,NE,Cloudy,20,20,Car,False
Hanley Highway/Westway,29/06/2024,22:24:48,SW,SW,Clear,20,17,Motorcycle,True
Hanley Highway/Westway,29/06/2024,15:01:55,SW,SW,Rain,20,9,Car,False
Elm Avenue/Rabbit Road,29/06/2024,04:19:04,E,S,Clear,30,19,Car,False
Elm Avenue/Rabbit Road,29/06/2024,18:55:33,N,N,Sunny,30,21,Buss,True
Elm Avenue/Rabbit Road,29/06/2024,10:01:00,W,E,Light Rain,30,18,Truck,False
Elm Avenue/Rabbit Road,29/06/2024,22:37:34,N,N,Clear,30,50,Car,False
Hanley Highway/Westway,29/06/2024,10:24:34,NW,NW,Sunny,20,9,Buss,False
Hanley Highway/Westway,29/06/2024,02:56:54,SW,SE,Heavy Rain,20,6,Van,False
Hanley Highway/Westway,29/06/2024,07:02:37,E,S,Overcast,20,10,Van,False
Elm Avenue/Rabbit Road,29/06/2024,15:21:44,W,W,Rain,30,23,Scooter,False
Hanley Highway/Westway,29/06/2024,15:11:01,SE,NW,Clear,20,7,Bicycle,False
Elm Avenue/Rabbit Road,29/06/2024,01:37:19,S,W,Overcast,30,15,Van,False
Elm Avenue/Rabbit Road,29/06/2024,09:56:25,S,N,Clear,30,25,Buss,False
Elm Avenue/Rabbit Road,29/06/2024,04:46:10,N,E,Light Rain,30,18,Car,False
Hanley Highway/Westway,29/06/2024,13:01:23,SE,E,Rain,20,17,Truck,False
Elm Avenue/Rabbit Road,29/06/2024,23:44:16,W,N,Overcast,30,25,Car,True
Elm Avenue/Rabbit Road,29/06/2024,01:58:09,E,E,Heavy Rain,30,17,Bicycle,False
Elm Avenue/Rabbit Road,29/06/2024,05:45:16,E,N,Overcast,30,18,Buss,False
Elm Avenue/Rabbit Road,29/06/2024,20:05:16,W,E,Light Rain,30,23,Buss,False
Hanley Highway/Westway,29/06/2024,02:33:49,W,S,Rain,20,10,Car,False
Elm Avenue/Rabbit Road,29/06/2024,05:34:15,W,W,Overcast,30,21,Car,False
Elm Avenue/Rabbit Road,29/06/2024,00:57:08,S,N,Overcast,30,31,Van,False
Elm Avenue/Rabbit Road,29/06/2024,02:10:13,W,W,Rain,30,28,Car,True
Elm Avenue/Rabbit Road,29/06/2024,16:54:49,N,N,Clear,30,17,Truck,False
Hanley Highway/Westway,29/06/2024,05:55:46,SW,SW,Sunny,20,13,Truck,False
Hanley Highway/Westway,29/06/2024,19:45:22,E,E,Overcast,20,14,Bicycle,False
Hanley Highway/Westway,29/06/2024,06:12:19,N,N,Heavy Rain,20,9,Car,False
Elm Avenue/Rabbit Road,29/06/2024,02:14:14,W,S,Overcast,30,17,Car,False
Hanley Highway/Westway,29/06/2024,17:32:36,N,N,Rain,20,11,Van,False
Elm Avenue/Rabbit Road,29/06/2024,05:23:08,S,S,Overcast,30,21,Van,True
Elm Avenue/Rabbit Road,29/06/2024,15:07:23,S,S,Clear,30,19,Car,False
Hanley Highway/Westway,29/06/2024,10:33:57,SE,NW,Clear,20,7,Buss,False
Elm Avenue/Rabbit Road,29/06/2024,17:52:11,N,N,Rain,30,43,Bicycle,False
Elm Avenue/Rabbit Road,29/06/2024,09:05:49,E,S,Clear,30,30,Car,False
Hanley Highway/Westway,29/06/2024,09:12:37,N,E,Heavy Rain,20,8,Car,False
Elm Avenue/Rabbit Road,29/06/2024,19:05:20,N,N,Heavy Rain,30,21,Truck,False
Hanley Highway/Westway,29/06/2024,04:44:27,SW,SW,Heavy Rain,20,40,Car,False
Hanley Highway/Westway,29/06/2024,21:14:49,SW,SW,Clear,20,6,Car,False
Hanley Highway/Westway,29/06/2024,10:26:53,NW,S,Clear,20,15,Car,False
Elm Avenue/Rabbit Road,29/06/2024,16:16:51,W,W,Sunny,30,29,Bicycle,False
Hanley Highway/Westway,29/06/2024,06:00:41,NW,NW,Rain,20,7,Buss,True
Elm Avenue/Rabbit Road,29/06/2024,21:42:57,E,W,Rain,30,44,Truck,False
Elm Avenue/Rabbit Road,29/06/2024,15:24:06,N,S,Overcast,30,29,Motorcycle,False
Hanley Highway/Westway,29/06/2024,08:00:03,N,N,Light Rain,20,11,Car,False
Elm Avenue/Rabbit Road,29/06/2024,22:48:50,N,N,Clear,30,22,Car,True
Elm Avenue/Rabbit Road,29/06/2024,01:27:07,W,W,Sunny,30,19,Car,False
Elm Avenue/Rabbit Road,29/06/2024,04:13:47,W,E,Rain,30,18,Motorcycle,False
Elm Avenue/Rabbit Road,29/06/2024,02:22:14,E,E,Clear,30,29,Scooter,False
Elm Avenue/Rabbit Road,29/06/2024,20:47:08,N,E,Light Rain,30,26,Car,False
Elm Avenue/Rabbit Road,29/06/2024,10:25:03,W,W,Light Rain,30,25,Car,False
Hanley Highway/Westway,29/06/2024,07:42:20,NE,NE,Light Rain,20,5,Bicycle,False
Elm Avenue/Rabbit Road,29/06/2024,15:26:02,N,W,Overcast,30,23,Buss,False
Hanley Highway/Westway,29/06/2024,06:35:35,S,NW,Overcast,20,21,Scooter,False
Hanley Highway/Westway,29/06/2024,14:24:15,W,W,Overcast,20,5,Car,False
Hanley Highway/Westway,29/06/2024,22:39:27,NE,NE,Clear,20,32,Bicycle,False
Hanley Highway/Westway,29/06/2024,04:16:15,NW,NW,Clear,20,20,Bicycle,False
Hanley Highway/Westway,29/06/2024,18:01:09,NW,NW,Cloudy,20,38,Car,False
Elm Avenue/Rabbit Road,29/06/2024,14:34:32,N,N,Rain,30,25,Buss,True
Elm Avenue/Rabbit Road,29/06/2024,11:08:44,W,W,Sunny,30,22,Van,False
Elm Avenue/Rabbit Road,29/06/2024,12:04:56,W,W,Cloudy,30,23,Motorcycle,False
Elm Avenue/Rabbit Road,29/06/2024,11:01:13,E,N,Overcast,30,50,Car,False
Elm Avenue/Rabbit Road,29/06/2024,03:48:10,E,W,Sunny,30,16,Motorcycle,False
Elm Avenue/Rabbit Road,29/06/2024,00:09:09,S,S,Clear,30,27,Car,False
Hanley Highway/Westway,29/06/2024,13:11:05,SW,SW,Clear,20,15,Car,False
Hanley Highway/Westway,29/06/2024,10:38:55,SE,N,Light Rain,20,9,Car,False
Elm Avenue/Rabbit Road,29/06/2024,09:05:02,S,S,Clear,30,27,Car,True
Elm Avenue/Rabbit Road,29/06/2024,17:48:29,N,S,Clear,30,28,Buss,False
Hanley Highway/Westway,29/06/2024,12:40:23,SE,SE,Clear,20,9,Motorcycle,True
Elm Avenue/Rabbit Road,29/06/2024,20:29:22,S,S,Heavy Rain,30,38,Car,False
Elm Avenue/Rabbit Road,29/06/2024,10:45:24,W,N,Clear,30,20,Bicycle,True
Hanley Highway/Westway,29/06/2024,00:32:38,E,E,Rain,20,20,Bicycle,True
Hanley Highway/Westway,29/06/2024,15:03:24,S,E,Overcast,20,5,Car,False
Elm Avenue/Rabbit Road,29/06/2024,23:55:44,W,W,Sunny,30,27,Car,True
Hanley Highway/Westway,29/06/2024,17:40:16,NW,NW,Sunny,20,29,Car,True
Hanley Highway/Westway,29/06/2024,19:23:31,W,E,Clear,20,16,Car,False
Hanley Highway/Westway,29/06/2024,11:29:11,NE,SW,Sunny,20,28,Buss,False
Hanley Highway/Westway,29/06/2024,11:12:35,SE,NE,Overcast,20,16,Truck,False
Elm Avenue/Rabbit Road,29/06/2024,19:12:44,E,N,Light Rain,30,35,Car,False
Hanley Highway/Westway,29/06/2024,01:15:33,NE,N,Overcast,20,5,Buss,False
Elm Avenue/Rabbit Road,29/06/2024,08:45:37,W,W,Overcast,30,33,Truck,False
Hanley Highway/Westway,29/06/2024,02:50:41,NW,NW,Rain,20,18,Truck,False
Elm Avenue/Rabbit Road,29/06/2024,19:49:44,E,W,Cloudy,30,28,Motorcycle,True
Elm Avenue/Rabbit Road,29/06/2024,10:10:32,E,E,Overcast,30,23,Van,False
Hanley Highway/Westway,29/06/2024,04:47:11,NW,NE,Rain,20,17,Scooter,False
Hanley Highway/Westway,29/06/2024,06:31:59,S,SE,Sunny,20,7,Car,False
Hanley Highway/Westway,29/06/2024,23:14:43,NE,E,Light Rain,20,13,Truck,False
Elm Avenue/Rabbit Road,29/06/2024,04:19:56,N,W,Cloudy,30,36,Buss,True
Elm Avenue/Rabbit Road,29/06/2024,12:21:49,S,S,Clear,30,24,Car,False
Hanley Highway/Westway,29/06/2024,23:22:25,N,NE,Clear,20,32,Car,False
Elm Avenue/Rabbit Road,29/06/2024,10:23:19,E,E,Overcast,30,23,Truck,False
Hanley Highway/Westway,29/06/2024,15:19:28,W,W,Overcast,20,9,Scooter,False
Hanley Highway/Westway,29/06/2024,03:03:54,SW,SW,Light Rain,20,9,Scooter,False
Hanley Highway/Westway,29/06/2024,11:44:50,E,N,Rain,20,16,Motorcycle,False
Hanley Highway/Westway,29/06/2024,05:11:56,SE,SE,Sunny,20,8,Car,False
Hanley Highway/Westway,29/06/2024,15:49:39,SW,SW,Overcast,20,13,Car,False
Hanley Highway/Westway,29/06/2024,20:48:09,NE,NE,Light Rain,20,10,Truck,False
Elm Avenue/Rabbit Road,29/06/2024,13:46:10,N,N,Clear,30,17,Motorcycle,False
Hanley Highway/Westway,29/06/2024,21:12:58,SW,SW,Sunny,20,10,Truck,False
Elm Avenue/Rabbit Road,29/06/2024,09:55:23,S,N,Overcast,30,26,Motorcycle,False
Hanley Highway/Westway,29/06/2024,23:42:39,E,E,Clear,20,14,Scooter,False
Hanley Highway/Westway,29/06/2024,04:54:15,S,S,Light Rain,20,14,Motorcycle,True
Elm Avenue/Rabbit Road,29/06/2024,11:42:36,E,E,Overcast,30,16,Car,False
Hanley Highway/Westway,29/06/2024,20:29:05,E,S,Light Rain,20,19,Motorcycle,False
Elm Avenue/Rabbit Road,29/06/2024,06:22:35,N,N,Sunny,30,32,Van,True
Hanley Highway/Westway,29/06/2024,16:04:54,N,N,Rain,20,13,Bicycle,False
Hanley Highway/Westway,29/06/2024,17:23:01,SW,E,Rain,20,11,Car,False
Elm Avenue/Rabbit Road,29/06/2024,18:01:24,S,N,Rain,30,30,Car,False
Hanley Highway/Westway,29/06/2024,08:00:35,E,N,Overcast,20,17,Car,True
Elm Avenue/Rabbit Road,29/06/2024,13:39:59,W,W,Rain,30,24,Car,False
Elm Avenue/Rabbit Road,29/06/2024,13:26:30,S,W,Sunny,30,24,Bicycle,True
Hanley Highway/Westway,29/06/2024,06:09:52,S,NE,Cloudy,20,19,Scooter,False
Elm Avenue/Rabbit Road,29/06/2024,14:01:11,W,S,Sunny,30,26,Car,False
Elm Avenue/Rabbit Road,29/06/2024,06:06:40,N,N,Sunny,30,23,Motorcycle,False
Elm Avenue/Rabbit Road,29/06/2024,10:52:45,W,N,Overcast,30,25,Motorcycle,False
Elm Avenue/Rabbit Road,29/06/2024,21:03:44,S,S,Light Rain,30,23,Car,False
Hanley Highway/Westway,29/06/2024,21:07:23,NE,NE,Overcast,20,8,Scooter,False
Elm Avenue/Rabbit Road,29/06/2024,17:52:47,N,W,Cloudy,30,44,Car,False
Hanley Highway/Westway,29/06/2024,01:24:17,W,W,Clear,20,24,Truck,False
Elm Avenue/Rabbit Road,29/06/2024,01:42:43,E,E,Overcast,30,17,Car,False
Elm Avenue/Rabbit Road,29/06/2024,03:58:17,S,S,Overcast,30,18,Scooter,False
Hanley Highway/Westway,29/06/2024,22:26:07,NW,NW,Sunny,20,8,Car,False
Elm Avenue/Rabbit Road,29/06/2024,21:22:07,E,E,Rain,30,22,Car,True
Elm Avenue/Rabbit Road,29/06/2024,11:27:34,N,N,Clear,30,29,Motorcycle,True
Hanley Highway/Westway,29/06/2024,17:29:53,N,NW,Heavy Rain,20,18,Car,False
Elm Avenue/Rabbit Road,29/06/2024,13:31:53,W,W,Light Rain,30,22,Car,False
Elm Avenue/Rabbit Road,29/06/2024,22:38:31,E,E,Clear,30,26,Truck,True
Elm Avenue/Rabbit Road,29/06/2024,09:47:35,W,E,Cloudy,30,23,Van,False
Elm Avenue/Rabbit Road,29/06/2024,01:32:25,W,E,Sunny,30,26,Van,False
Elm Avenue/Rabbit Road,29/06/2024,20:37:40,W,N,Clear,30,29,Car,False
Hanley Highway/Westway,29/06/2024,03:48:17,SW,SW,Light Rain,20,17,Bicycle,False
Elm Avenue/Rabbit Road,29/06/2024,01:51:10,N,N,Clear,30,24,Van,False
Hanley Highway/Westway,29/06/2024,14:31:48,SE,SE,Cloudy,20,11,Car,False
Elm Avenue/Rabbit Road,29/06/2024,00:17:26,E,E,Rain,30,16,Buss,True
Elm Avenue/Rabbit Road,29/06/2024,11:49:41,S,E,Overcast,30,20,Scooter,False
Elm Avenue/Rabbit Road,29/06/2024,11:19:52,S,S,Overcast,30,36,Car,False
Hanley Highway/Westway,29/06/2024,02:33:57,W,N,Overcast,20,7,Bicycle,False
Elm Avenue/Rabbit Road,29/06/2024,12:21:50,W,W,Clear,30,26,Buss,False
Hanley Highway/Westway,29/06/2024,16:37:57,NE,NE,Clear,20,11,Car,False
Hanley Highway/Westway,29/06/2024,12:27:56,N,NE,Clear,20,33,Bicycle,False
Elm Avenue/Rabbit Road,29/06/2024,08:39:17,N,W,Clear,30,29,Car,False
Elm Avenue/Rabbit Road,29/06/2024,00:53:26,S,S,Rain,30,49,Car,True
Hanley Highway/Westway,29/06/2024,17:40:36,SW,E,Overcast,20,19,Motorcycle,False
Elm Avenue/Rabbit Road,29/06/2024,07:17:57,N,N,Overcast,30,29,Truck,False
Elm Avenue/Rabbit Road,29/06/2024,23:30:44,E,N,Overcast,30,21,Buss,False
Elm Avenue/Rabbit Road,29/06/2024,07:56:57,W,E,Clear,30,27,Truck,False
Elm Avenue/Rabbit Road,29/06/2024,18:54:22,S,S,Clear,30,31,Car,True
Elm Avenue/Rabbit Road,29/06/2024,02:37:58,E,W,Light Rain,30,20,Bicycle,False
Hanley Highway/Westway,29/06/2024,08:08:52,SW,SE,Light Rain,20,14,Buss,True
Elm Avenue/Rabbit Road,29/06/2024,19:09:40,N,N,Overcast,30,23,Car,False
Hanley Highway/Westway,29/06/2024,08:15:50,S,S,Light Rain,20,20,Van,False
Hanley Highway/Westway,29/06/2024,22:46:04,S,S,Clear,20,6,Motorcycle,True
Hanley Highway/Westway,29/06/2024,05:12:52,W,SW,Overcast,20,37,Van,False
Elm Avenue/Rabbit Road,29/06/2024,04:10:11,S,S,Clear,30,36,Truck,False
Hanley Highway/Westway,29/06/2024,22:58:21,NW,NW,Overcast,20,18,Truck,False
Hanley Highway/Westway,29/06/2024,20:23:21,SW,W,Overcast,20,11,Van,False
Hanley Highway/Westway,29/06/2024,20:34:39,NE,NE,Light Rain,20,12,Buss,False
Elm Avenue/Rabbit Road,29/06/2024,13:48:04,N,S,Overcast,30,15,Car,False
Elm Avenue/Rabbit Road,29/06/2024,23:03:16,N,N,Overcast,30,30,Truck,True
Hanley Highway/Westway,29/06/2024,09:06:05,NW,S,Overcast,20,6,Car,False
Hanley Highway/Westway,29/06/2024,14:41:08,NW,SE,Overcast,20,5,Car,False
Hanley Highway/Westway,29/06/2024,02:29:27,W,W,Overcast,20,15,Motorcycle,False
Hanley Highway/Westway,29/06/2024,14:42:14,E,E,Overcast,20,15,Motorcycle,False
Elm Avenue/Rabbit Road,29/06/2024,09:41:27,W,S,Overcast,30,39,Truck,False
Elm Avenue/Rabbit Road,29/06/2024,05:51:59,W,W,Rain,30,18,Car,False
Elm Avenue/Rabbit Road,29/06/2024,21:24:37,N,E,Rain,30,15,Car,False
Elm Avenue/Rabbit Road,29/06/2024,00:27:39,S,S,Rain,30,24,Car,False
Elm Avenue/Rabbit Road,29/06/2024,00:54:28,W,W,Light Rain,30,23,Car,False
Hanley Highway/Westway,29/06/2024,04:45:05,SE,SE,Light Rain,20,11,Car,False
Hanley Highway/Westway,29/06/2024,13:39:33,SW,NW,Overcast,20,13,Car,True
Hanley Highway/Westway,29/06/2024,10:11:19,W,NW,Light Rain,20,35,Buss,False
Elm Avenue/Rabbit Road,29/06/2024,03:06:53,E,E,Overcast,30,19,Buss,False
Hanley Highway/Westway,29/06/2024,16:50:51,E,NE,Light Rain,20,19,Buss,False
Elm Avenue/Rabbit Road,29/06/2024,22:56:06,W,W,Clear,30,15,Car,False
Elm Avenue/Rabbit Road,29/06/2024,23:26:59,E,E,Light Rain,30,29,Car,True
Elm Avenue/Rabbit Road,29/06/2024,14:25:29,W,W,Clear,30,16,Car,True
Elm Avenue/Rabbit Road,29/06/2024,18:05:09,S,W,Clear,30,23,Truck,False
Hanley Highway/Westway,29/06/2024,10:26:18,SE,SW,Clear,20,10,Motorcycle,False
Hanley Highway/Westway,29/06/2024,02:22:03,N,N,Overcast,20,8,Car,False
Hanley Highway/Westway,29/06/2024,10:33:34,SE,SE,Light Rain,20,17,Car,False
Elm Avenue/Rabbit Road,29/06/2024,20:27:10,E,E,Sunny,30,26,Truck,True
Hanley Highway/Westway,29/06/2024,17:16:10,N,N,Light Rain,20,10,Scooter,False
Hanley Highway/Westway,29/06/2024,23:32:19,NE,NW,Overcast,20,7,Van,False
Elm Avenue/Rabbit Road,29/06/2024,13:16:42,S,E,Rain,30,17,Bicycle,False
Hanley Highway/Westway,29/06/2024,15:50:18,NW,NW,Clear,20,20,Motorcycle,False
Elm Avenue/Rabbit Road,29/06/2024,01:34:02,E,E,Clear,30,15,Van,True
Elm Avenue/Rabbit Road,29/06/2024,16:04:33,E,N,Heavy Rain,30,38,Van,False
Hanley Highway/Westway,29/06/2024,16:16:58,SE,SE,Heavy Rain,20,10,Scooter,False
Elm Avenue/Rabbit Road,29/06/2024,04:04:51,E,S,Overcast,30,49,Buss,False
Elm Avenue/Rabbit Road,29/06/2024,20:19:19,E,N,Clear,30,27,Car,False
Elm Avenue/Rabbit Road,29/06/2024,03:22:21,E,N,Clear,30,28,Car,False
Elm Avenue/Rabbit Road,29/06/2024,12:00:12,S,S,Clear,30,27,Car,False
Elm Avenue/Rabbit Road,29/06/2024,06:35:47,E,E,Clear,30,16,Car,False
Hanley Highway/Westway,29/06/2024,17:19:38,W,S,Cloudy,20,10,Scooter,False
Hanley Highway/Westway,29/06/2024,13:49:09,NW,NW,Sunny,20,18,Car,False
Elm Avenue/Rabbit Road,29/06/2024,15:54:59,E,E,Overcast,30,23,Car,False
Elm Avenue/Rabbit Road,29/06/2024,19:37:30,S,W,Clear,30,23,Car,False
Hanley Highway/Westway,29/06/2024,17:20:15,N,SE,Overcast,20,11,Car,False
Hanley Highway/Westway,29/06/2024,19:44:08,N,N,Overcast,20,6,Van,True
Elm Avenue/Rabbit Road,29/06/2024,22:26:46,W,N,Overcast,30,29,Car,False
Elm Avenue/Rabbit Road,29/06/2024,01:21:29,W,W,Sunny,30,23,Bicycle,True
Hanley Highway/Westway,29/06/2024,09:41:42,SW,S,Light Rain,20,7,Motorcycle,False
Elm Avenue/Rabbit Road,29/06/2024,01:12:40,S,E,Overcast,30,30,Buss,False
Hanley Highway/Westway,29/06/2024,13:03:49,SW,SE,Overcast,20,10,Truck,False
Elm Avenue/Rabbit Road,29/06/2024,05:11:21,S,W,Sunny,30,35,Car,False
Hanley Highway/Westway,29/06/2024,16:53:04,E,W,Clear,20,37,Motorcycle,False
Elm Avenue/Rabbit Road,29/06/2024,13:07:00,E,S,Overcast,30,21,Truck,False
Elm Avenue/Rabbit Road,29/06/2024,22:24:29,N,E,Rain,30,21,Van,True
Elm Avenue/Rabbit Road,29/06/2024,01:09:27,S,E,Light Rain,30,17,Van,False
Hanley Highway/Westway,29/06/2024,01:21:15,E,E,Overcast,20,33,Car,False
Elm Avenue/Rabbit Road,29/06/2024,16:09:41,S,S,Clear,30,29,Car,False
Elm Avenue/Rabbit Road,29/06/2024,02:36:14,E,E,Cloudy,30,26,Motorcycle,False
Elm Avenue/Rabbit Road,29/06/2024,17:34:04,E,E,Clear,30,36,Buss,False
Elm Avenue/Rabbit Road,29/06/2024,11:49:25,N,N,Clear,30,18,Scooter,False
Elm Avenue/Rabbit Road,29/06/2024,02:19:42,E,E,Overcast,30,43,Scooter,False
Elm Avenue/Rabbit Road,29/06/2024,09:37:37,E,S,Rain,30,20,Truck,False
Elm Avenue/Rabbit Road,29/06/2024,20:03:19,S,W,Rain,30,20,Buss,True
Hanley Highway/Westway,29/06/2024,01:36:56,NW,NW,Overcast,20,11,Car,False
Hanley Highway/Westway,29/06/2024,18:46:42,W,NE,Clear,20,17,Van,False
Elm Avenue/Rabbit Road,29/06/2024,05:19:53,S,S,Overcast,30,18,Car,False
Elm Avenue/Rabbit Road,29/06/2024,23:10:06,S,N,Clear,30,26,Car,False
Elm Avenue/Rabbit Road,29/06/2024,00:15:19,W,W,Rain,30,35,Buss,False
Hanley Highway/Westway,29/06/2024,08:33:16,NE,SW,Light Rain,20,11,Bicycle,True
Hanley Highway/Westway,29/06/2024,00:33:40,NW,NE,Rain,20,13,Car,False
Elm Avenue/Rabbit Road,29/06/2024,06:23:21,E,E,Overcast,30,25,Van,True
Hanley Highway/Westway,29/06/2024,05:00:00,E,NE,Clear,20,11,Van,False
Elm Avenue/Rabbit Road,29/06/2024,00:03:17,S,W,Light Rain,30,20,Truck,False
Elm Avenue/Rabbit Road,29/06/2024,07:20:17,N,W,Sunny,30,21,Motorcycle,True
Elm Avenue/Rabbit Road,29/06/2024,16:09:16,S,S,Overcast,30,24,Buss,False
Elm Avenue/Rabbit Road,29/06/2024,17:04:01,W,E,Overcast,30,15,Car,False
Hanley Highway/Westway,29/06/2024,03:26:41,S,E,Clear,20,17,Truck,False
Elm Avenue/Rabbit Road,29/06/2024,00:19:50,N,N,Rain,30,34,Buss,False
Hanley Highway/Westway,29/06/2024,04:29:35,W,W,Cloudy,20,19,Car,True
Elm Avenue/Rabbit Road,29/06/2024,07:02:00,W,W,Light Rain,30,24,Car,False
Elm Avenue/Rabbit Road,29/06/2024,05:09:16,N,N,Overcast,30,24,Truck,False
Elm Avenue/Rabbit Road,29/06/2024,21:01:08,S,W,Overcast,30,22,Car,False
Elm Avenue/Rabbit Road,29/06/2024,17:26:26,E,E,Rain,30,18,Buss,False
Elm Avenue/Rabbit Road,29/06/2024,15:20:51,N,N,Overcast,30,18,Car,False
Elm Avenue/Rabbit Road,29/06/2024,03:29:04,N,N,Clear,30,27,Car,False
Hanley Highway/Westway,29/06/2024,20:59:04,S,S,Light Rain,20,30,Scooter,False
Hanley Highway/Westway,29/06/2024,16:46:23,SE,SE,Clear,20,37,Motorcycle,False
Elm Avenue/Rabbit Road,29/06/2024,12:06:06,S,N,Overcast,30,23,Car,False
Hanley Highway/Westway,29/06/2024,04:03:27,E,S,Overcast,20,14,Motorcycle,False
Hanley Highway/Westway,29/06/2024,18:13:42,E,NE,Rain,20,5,Van,False
Elm Avenue/Rabbit Road,29/06/2024,13:46:35,W,E,Overcast,30,30,Car,True
Hanley Highway/Westway,29/06/2024,22:55:03,NE,W,Sunny,20,20,Car,False
Elm Avenue/Rabbit Road,29/06/2024,12:05:14,E,E,Clear,30,28,Car,False
Elm Avenue/Rabbit Road,29/06/2024,19:56:06,S,S,Overcast,30,23,Motorcycle,False
Hanley Highway/Westway,29/06/2024,20:14:03,S,S,Clear,20,10,Van,False
Elm Avenue/Rabbit Road,29/06/2024,04:04:42,N,N,Rain,30,15,Scooter,False
Hanley Highway/Westway,29/06/2024,17:51:37,SE,SW,Cloudy,20,31,Bicycle,False
Hanley Highway/Westway,29/06/2024,06:15:32,W,W,Overcast,20,38,Motorcycle,False
Hanley Highway/Westway,29/06/2024,07:40:00,NW,S,Overcast,20,38,Buss,False
Hanley Highway/Westway,29/06/2024,19:59:24,NW,S,Overcast,20,18,Buss,False
Elm Avenue/Rabbit Road,29/06/2024,20:54:32,S,S,Light Rain,30,15,Car,False
Elm Avenue/Rabbit Road,29/06/2024,22:33:15,W,N,Heavy Rain,30,15,Motorcycle,False
Elm Avenue/Rabbit Road,29/06/2024,10:09:34,W,S,Overcast,30,25,Car,False
Elm Avenue/Rabbit Road,29/06/2024,23:04:04,W,N,Light Rain,30,19,Buss,False
Hanley Highway/Westway,29/06/2024,09:49:38,S,W,Clear,20,35,Van,True
Hanley Highway/Westway,29/06/2024,11:51:30,W,W,Light Rain,20,10,Car,False
Hanley Highway/Westway,29/06/2024,08:39:21,S,S,Overcast,20,19,Buss,False
Hanley Highway/Westway,29/06/2024,17:36:26,E,E,Sunny,20,18,Car,False
Elm Avenue/Rabbit Road,29/06/2024,08:16:55,S,S,Clear,30,16,Car,False
Elm Avenue/Rabbit Road,29/06/2024,08:45:46,S,S,Overcast,30,19,Car,False
Hanley Highway/Westway,29/06/2024,17:42:35,NE,W,Clear,20,16,Car,False
Hanley Highway/Westway,29/06/2024,18:39:35,S,NE,Rain,20,15,Buss,False
Elm Avenue/Rabbit Road,29/06/2024,23:30:24,N,N,Rain,30,27,Car,False
Hanley Highway/Westway,29/06/2024,04:23:14,N,N,Overcast,20,7,Car,False
Elm Avenue/Rabbit Road,29/06/2024,15:49:20,E,N,Clear,30,23,Van,False
Elm Avenue/Rabbit Road,29/06/2024,04:23:14,W,E,Clear,30,48,Van,False
Elm Avenue/Rabbit Road,29/06/2024,12:24:10,W,S,Overcast,30,48,Bicycle,False
Elm Avenue/Rabbit Road,29/06/2024,08:42:51,E,E,Overcast,30,19,Buss,False
Elm Avenue/Rabbit Road,29/06/2024,06:59:36,N,N,Sunny,30,35,Car,True
Elm Avenue/Rabbit Road,29/06/2024,22:13:02,E,N,Overcast,30,23,Scooter,False
Elm Avenue/Rabbit Road,29/06/2024,14:41:39,N,N,Light Rain,30,22,Car,False
Hanley Highway/Westway,29/06/2024,18:15:44,NW,NW,Light Rain,20,13,Motorcycle,False
Elm Avenue/Rabbit Road,29/06/2024,20:50:13,S,S,Clear,30,23,Buss,False
Hanley Highway/Westway,29/06/2024,03:07:18,NE,NE,Light Rain,20,9,Bicycle,False
Hanley Highway/Westway,29/06/2024,20:49:24,W,W,Overcast,20,15,Car,False
Elm Avenue/Rabbit Road,29/06/2024,01:05:19,S,W,Overcast,30,17,Car,True
Hanley Highway/Westway,29/06/2024,03:43:26,E,E,Rain,20,8,Truck,False
Hanley Highway/Westway,29/06/2024,02:20:59,E,SE,Clear,20,19,Car,False
Elm Avenue/Rabbit Road,29/06/2024,23:33:16,S,S,Overcast,30,21,Scooter,True
Hanley Highway/Westway,29/06/2024,22:25:15,NW,SE,Clear,20,13,Car,False
Hanley Highway/Westway,29/06/2024,07:48:52,NW,NW,Light Rain,20,17,Buss,False
Hanley Highway/Westway,29/06/2024,18:59:12,N,N,Light Rain,20,37,Car,True
Hanley Highway/Westway,29/06/2024,19:08:36,W,W,Clear,20,10,Truck,False
Hanley Highway/Westway,29/06/2024,07:37:42,SW,SW,Overcast,20,9,Motorcycle,False
Hanley Highway/Westway,29/06/2024,14:38:11,NE,SE,Sunny,20,20,Bicycle,False
Hanley Highway/Westway,29/06/2024,05:20:19,W,SW,Sunny,20,10,Truck,False
Hanley Highway/Westway,29/06/2024,09:42:28,S,W,Clear,20,12,Car,False
Hanley Highway/Westway,29/06/2024,23:36:05,SW,SW,Clear,20,18,Truck,False
Elm Avenue/Rabbit Road,29/06/2024,12:45:21,E,E,Heavy Rain,30,27,Car,False
Hanley Highway/Westway,29/06/2024,01:02:02,NE,E,Overcast,20,19,Motorcycle,True
Elm Avenue/Rabbit Road,29/06/2024,20:21:02,S,S,Clear,30,21,Bicycle,True
Elm Avenue/Rabbit Road,29/06/2024,14:09:45,W,W,Sunny,30,16,Motorcycle,False
Hanley Highway/Westway,29/06/2024,22:35:47,SE,SE,Clear,20,8,Buss,False
Hanley Highway/Westway,29/06/2024,21:55:25,NE,NE,Light Rain,20,11,Car,False
Elm Avenue/Rabbit Road,29/06/2024,07:50:32,S,S,Clear,30,36,Buss,False
Elm Avenue/Rabbit Road,29/06/2024,06:21:49,S,S,Clear,30,17,Truck,False
Hanley Highway/Westway,29/06/2024,20:45:41,SW,SW,Rain,20,5,Truck,False
Hanley Highway/Westway,29/06/2024,00:39:31,N,SE,Clear,20,20,Car,False
Elm Avenue/Rabbit Road,29/06/2024,23:46:32,E,E,Clear,30,15,Bicycle,False
Elm Avenue/Rabbit Road,29/06/2024,23:07:34,W,S,Light Rain,30,16,Truck,True
Elm Avenue/Rabbit Road,29/06/2024,06:52:19,E,E,Sunny,30,19,Car,False
Hanley Highway/Westway,29/06/2024,00:53:05,SW,SW,Light Rain,20,13,Buss,False
Hanley Highway/Westway,29/06/2024,17:54:39,NW,NW,Overcast,20,18,Car,False
Hanley Highway/Westway,29/06/2024,18:04:11,SW,SW,Light Rain,20,7,Truck,False
Elm Avenue/Rabbit Road,29/06/2024,06:12:36,W,W,Clear,30,17,Van,False
Hanley Highway/Westway,29/06/2024,08:19:06,S,S,Light Rain,20,6,Car,True
Elm Avenue/Rabbit Road,29/06/2024,11:39:34,W,S,Clear,30,16,Buss,False
Hanley Highway/Westway,29/06/2024,06:26:34,NE,NE,Light Rain,20,6,Buss,False
Hanley Highway/Westway,29/06/2024,09:50:59,NW,NE,Rain,20,18,Bicycle,False
Elm Avenue/Rabbit Road,29/06/2024,08:56:16,N,N,Overcast,30,24,Van,False
Hanley Highway/Westway,29/06/2024,03:33:35,SW,SW,Overcast,20,16,Car,False
Elm Avenue/Rabbit Road,29/06/2024,02:44:22,S,S,Sunny,30,30,Van,False
Elm Avenue/Rabbit Road,29/06/2024,19:51:07,S,S,Overcast,30,16,Buss,False
Elm Avenue/Rabbit Road,29/06/2024,16:06:40,N,N,Overcast,30,26,Buss,False
Hanley Highway/Westway,29/06/2024,10:08:36,W,W,Light Rain,20,16,Buss,True
Hanley Highway/Westway,29/06/2024,15:19:23,S,NW,Clear,20,5,Truck,False
Elm Avenue/Rabbit Road,29/06/2024,20:39:24,N,N,Rain,30,17,Truck,True
Elm Avenue/Rabbit Road,29/06/2024,16:33:25,S,N,Sunny,30,25,Car,True
Hanley Highway/Westway,29/06/2024,00:28:41,SE,NE,Light Rain,20,11,Buss,True
Hanley Highway/Westway,29/06/2024,12:13:40,SE,SE,Overcast,20,20,Car,False
Hanley Highway/Westway,29/06/2024,11:02:22,N,NW,Rain,20,8,Van,False
Hanley Highway/Westway,29/06/2024,13:00:24,NE,NE,Overcast,20,19,Car,False
Hanley Highway/Westway,29/06/2024,12:51:57,SW,NW,Rain,20,16,Car,True
Elm Avenue/Rabbit Road,29/06/2024,13:43:05,S,E,Sunny,30,26,Buss,False
Elm Avenue/Rabbit Road,29/06/2024,20:30:37,E,N,Clear,30,19,Car,False
Hanley Highway/Westway,29/06/2024,20:27:42,W,NW,Overcast,20,13,Motorcycle,False
Elm Avenue/Rabbit Road,29/06/2024,16:06:40,W,S,Overcast,30,17,Buss,False
Hanley Highway/Westway,29/06/2024,23:34:13,W,SW,Sunny,20,35,Truck,False
Elm Avenue/Rabbit Road,29/06/2024,14:07:30,N,S,Sunny,30,23,Car,False
Hanley Highway/Westway,29/06/2024,01:11:52,E,E,Light Rain,20,15,Buss,True
Hanley Highway/Westway,29/06/2024,14:10:10,W,S,Overcast,20,7,Car,False
Elm Avenue/Rabbit Road,29/06/2024,12:57:17,E,E,Light Rain,30,36,Van,False
Elm Avenue/Rabbit Road,29/06/2024,17:13:27,E,S,Cloudy,30,31,Car,False
Elm Avenue/Rabbit Road,29/06/2024,04:09:05,E,S,Overcast,30,19,Motorcycle,True
Elm Avenue/Rabbit Road,29/06/2024,07:36:39,N,E,Clear,30,15,Motorcycle,False
Hanley Highway/Westway,29/06/2024,15:26:52,NW,NW,Cloudy,20,5,Buss,True
Hanley Highway/Westway,29/06/2024,12:28:37,SW,SW,Overcast,20,12,Scooter,False
Elm Avenue/Rabbit Road,29/06/2024,11:18:58,N,S,Overcast,30,21,Car,False
Elm Avenue/Rabbit Road,29/06/2024,07:14:43,N,S,Rain,30,15,Car,True
Elm Avenue/Rabbit Road,29/06/2024,07:36:11,W,W,Overcast,30,16,Motorcycle,True
Hanley Highway/Westway,29/06/2024,00:25:57,NE,NE,Light Rain,20,15,Buss,False
Elm Avenue/Rabbit Road,29/06/2024,12:31:39,N,W,Light Rain,30,27,Car,False
Elm Avenue/Rabbit Road,29/06/2024,05:12:06,S,S,Overcast,30,19,Scooter,False
Elm Avenue/Rabbit Road,29/06/2024,18:44:40,E,E,Clear,30,15,Truck,False
Hanley Highway/Westway,29/06/2024,11:45:16,S,SW,Sunny,20,5,Truck,False
Hanley Highway/Westway,29/06/2024,10:19:08,W,W,Cloudy,20,28,Scooter,False
Hanley Highway/Westway,29/06/2024,18:57:13,NW,NW,Heavy Rain,20,12,Car,False
Elm Avenue/Rabbit Road,29/06/2024,17:57:58,E,E,Light Rain,30,34,Car,False
Elm Avenue/Rabbit Road,29/06/2024,22:01:41,S,W,Overcast,30,19,Truck,True
Elm Avenue/Rabbit Road,29/06/2024,08:56:02,W,W,Clear,30,50,Car,False
Elm Avenue/Rabbit Road,29/06/2024,05:59:18,E,N,Overcast,30,29,Car,False
Hanley Highway/Westway,29/06/2024,02:29:45,W,SE,Clear,20,10,Scooter,False
Elm Avenue/Rabbit Road,29/06/2024,14:40:08,S,S,Clear,30,24,Truck,False
Hanley Highway/Westway,29/06/2024,10:26:54,N,E,Overcast,20,12,Car,True
Hanley Highway/Westway,29/06/2024,04:18:06,S,SE,Overcast,20,11,Car,False
Elm Avenue/Rabbit Road,29/06/2024,05:31:00,S,W,Cloudy,30,15,Bicycle,True
Elm Avenue/Rabbit Road,29/06/2024,20:39:46,W,W,Overcast,30,34,Truck,False
Elm Avenue/Rabbit Road,29/06/2024,21:10:12,N,N,Sunny,30,26,Car,False
Elm Avenue/Rabbit Road,29/06/2024,21:33:28,S,S,Rain,30,25,Bicycle,False
Hanley Highway/Westway,29/06/2024,20:41:57,W,W,Heavy Rain,20,17,Motorcycle,False
Hanley Highway/Westway,29/06/2024,12:20:58,NW,NW,Clear,20,23,Car,False
Elm Avenue/Rabbit Road,29/06/2024,01:44:09,W,N,Light Rain,30,22,Car,False
Hanley Highway/Westway,29/06/2024,21:57:55,W,W,Light Rain,20,17,Car,False
Elm Avenue/Rabbit Road,29/06/2024,16:47:52,W,S,Rain,30,22,Motorcycle,False
Elm Avenue/Rabbit Road,29/06/2024,21:25:42,S,W,Light Rain,30,17,Truck,True
Hanley Highway/Westway,29/06/2024,13:44:31,S,SE,Rain,20,7,Car,True
Hanley Highway/Westway,29/06/2024,08:58:42,S,S,Overcast,20,6,Van,False
Elm Avenue/Rabbit Road,29/06/2024,02:39:57,E,N,Overcast,30,23,Motorcycle,False
Hanley Highway/Westway,29/06/2024,01:11:45,W,W,Sunny,20,10,Van,True
Hanley Highway/Westway,29/06/2024,16:53:38,SW,SW,Overcast,20,7,Motorcycle,False
Hanley Highway/Westway,29/06/2024,03:45:35,NE,NE,Rain,20,20,Car,False
Elm Avenue/Rabbit Road,29/06/2024,12:56:42,N,N,Rain,30,15,Car,True
Elm Avenue/Rabbit Road,29/06/2024,07:02:54,W,E,Rain,30,20,Car,False
Elm Avenue/Rabbit Road,29/06/2024,02:22:13,E,E,Clear,30,29,Buss,False
Elm Avenue/Rabbit Road,29/06/2024,01:10:54,E,S,Light Rain,30,20,Car,True
Elm Avenue/Rabbit Road,29/06/2024,03:38:10,S,S,Overcast,30,28,Motorcycle,False
Elm Avenue/Rabbit Road,29/06/2024,05:52:07,N,W,Overcast,30,25,Van,False
Elm Avenue/Rabbit Road,29/06/2024,11:36:44,W,W,Light Rain,30,21,Bicycle,False
Elm Avenue/Rabbit Road,29/06/2024,06:13:42,N,N,Light Rain,30,20,Car,False
Hanley Highway/Westway,29/06/2024,03:06:00,E,E,Light Rain,20,14,Buss,False
Hanley Highway/Westway,29/06/2024,20:48:27,W,W,Overcast,20,37,Motorcycle,False
Hanley Highway/Westway,29/06/2024,15:12:17,NE,NE,Sunny,20,8,Car,False
Hanley Highway/Westway,29/06/2024,22:36:11,E,SW,Cloudy,20,8,Car,False
Elm Avenue/Rabbit Road,29/06/2024,03:14:25,W,N,Clear,30,23,Truck,True
Elm Avenue/Rabbit Road,29/06/2024,08:19:29,N,N,Light Rain,30,18,Truck,False
Hanley Highway/Westway,29/06/2024,19:48:56,E,S,Clear,20,10,Bicycle,False
Elm Avenue/Rabbit Road,29/06/2024,00:25:51,E,S,Clear,30,30,Truck,False
Elm Avenue/Rabbit Road,29/06/2024,10:56:26,N,W,Light Rain,30,16,Car,False
Elm Avenue/Rabbit Road,29/06/2024,13:52:08,E,W,Light Rain,30,30,Van,False
Hanley Highway/Westway,29/06/2024,22:36:11,E,SW,Clear,20,7,Car,False
Hanley Highway/Westway,29/06/2024,04:47:42,NE,W,Clear,20,7,Buss,False
Elm Avenue/Rabbit Road,29/06/2024,05:01:33,S,E,Sunny,30,17,Truck,False
Hanley Highway/Westway,29/06/2024,01:44:56,NW,NW,Overcast,20,18,Car,False
Hanley Highway/Westway,29/06/2024,10:33:05,SW,SE,Heavy Rain,20,19,Motorcycle,False
Elm Avenue/Rabbit Road,29/06/2024,19:46:33,E,E,Sunny,30,27,Car,False
Hanley Highway/Westway,29/06/2024,18:00:20,NE,E,Heavy Rain,20,13,Buss,True
Hanley Highway/Westway,29/06/2024,02:59:32,E,NE,Overcast,20,12,Bicycle,False
Hanley Highway/Westway,29/06/2024,07:28:26,NE,N,Sunny,20,13,Car,False
Hanley Highway/Westway,29/06/2024,07:52:50,NW,NW,Light Rain,20,12,Car,False
Hanley Highway/Westway,29/06/2024,02:50:41,E,E,Clear,20,35,Bicycle,False
Hanley Highway/Westway,29/06/2024,10:53:12,SE,E,Light Rain,20,8,Truck,True
Elm Avenue/Rabbit Road,29/06/2024,21:35:03,N,N,Clear,30,21,Truck,True
Hanley Highway/Westway,29/06/2024,01:46:44,S,NW,Light Rain,20,14,Van,False
Hanley Highway/Westway,29/06/2024,14:13:48,NW,N,Light Rain,20,5,Buss,False
Elm Avenue/Rabbit Road,29/06/2024,15:50:03,W,W,Clear,30,22,Motorcycle,False
Hanley Highway/Westway,29/06/2024,21:59:29,N,SW,Cloudy,20,12,Car,False
Hanley Highway/Westway,29/06/2024,17:47:59,NW,NW,Rain,20,20,Car,False
Elm Avenue/Rabbit Road,29/06/2024,18:47:04,N,S,Overcast,30,43,Car,False
Elm Avenue/Rabbit Road,29/06/2024,15:31:22,W,E,Overcast,30,42,Car,False
Elm Avenue/Rabbit Road,29/06/2024,18:03:12,N,N,Heavy Rain,30,23,Scooter,False
Hanley Highway/Westway,29/06/2024,16:52:57,N,N,Overcast,20,17,Car,False
Elm Avenue/Rabbit Road,29/06/2024,16:27:17,E,E,Overcast,30,28,Van,False
Elm Avenue/Rabbit Road,29/06/2024,09:03:03,W,N,Light Rain,30,33,Car,True
Hanley Highway/Westway,29/06/2024,05:27:22,SW,NE,Clear,20,7,Truck,True
Elm Avenue/Rabbit Road,29/06/2024,17:47:30,N,W,Heavy Rain,30,15,Truck,False
Elm Avenue/Rabbit Road,29/06/2024,17:41:09,E,E,Light Rain,30,22,Motorcycle,True
Hanley Highway/Westway,29/06/2024,04:09:07,SE,SE,Overcast,20,7,Buss,False
Hanley Highway/Westway,29/06/2024,19:54:41,W,W,Overcast,20,7,Motorcycle,False
Hanley Highway/Westway,29/06/2024,08:45:16,SW,SW,Light Rain,20,5,Motorcycle,False
Elm Avenue/Rabbit Road,29/06/2024,01:20:43,N,N,Clear,30,15,Buss,True
Hanley Highway/Westway,29/06/2024,10:28:58,SE,E,Overcast,20,20,Truck,False
Hanley Highway/Westway,29/06/2024,00:13:55,W,NE,Light Rain,20,19,Bicycle,False
Elm Avenue/Rabbit Road,29/06/2024,18:22:16,E,E,Clear,30,22,Van,False
Elm Avenue/Rabbit Road,29/06/2024,10:02:16,N,N,Clear,30,45,Car,False
Elm Avenue/Rabbit Road,29/06/2024,04:01:34,N,N,Light Rain,30,17,Van,False
Elm Avenue/Rabbit Road,29/06/2024,03:27:06,W,W,Clear,30,18,Truck,False
Elm Avenue/Rabbit Road,29/06/2024,03:54:15,N,E,Overcast,30,26,Car,False
Hanley Highway/Westway,29/06/2024,23:10:38,W,SW,Light Rain,20,10,Car,False
Hanley Highway/Westway,29/06/2024,04:44:02,SW,S,Clear,20,19,Scooter,False
Elm Avenue/Rabbit Road,29/06/2024,14:56:53,S,N,Overcast,30,19,Car,True
Elm Avenue/Rabbit Road,29/06/2024,21:27:48,E,N,Sunny,30,34,Scooter,False
Hanley Highway/Westway,29/06/2024,03:12:43,NE,NE,Overcast,20,38,Van,True
Elm Avenue/Rabbit Road,29/06/2024,01:33:03,W,W,Clear,30,42,Truck,True
Hanley Highway/Westway,29/06/2024,23:15:24,S,S,Heavy Rain,20,39,Bicycle,False
Elm Avenue/Rabbit Road,29/06/2024,14:10:58,N,N,Overcast,30,18,Car,True
Elm Avenue/Rabbit Road,29/06/2024,12:47:08,W,N,Rain,30,50,Car,True
Elm Avenue/Rabbit Road,29/06/2024,22:53:36,W,W,Cloudy,30,23,Motorcycle,False
Hanley Highway/Westway,29/06/2024,22:01:20,N,N,Light Rain,20,20,Bicycle,False
Hanley Highway/Westway,29/06/2024,22:22:45,SE,NW,Overcast,20,9,Car,False
Elm Avenue/Rabbit Road,29/06/2024,12:01:13,S,S,Sunny,30,20,Buss,False
Hanley Highway/Westway,29/06/2024,00:54:58,NE,NE,Overcast,20,20,Car,False
Elm Avenue/Rabbit Road,29/06/2024,05:30:20,N,S,Overcast,30,21,Motorcycle,True
Hanley Highway/Westway,29/06/2024,20:18:48,SE,NE,Sunny,20,9,Bicycle,False
Hanley Highway/Westway,29/06/2024,18:16:39,NE,N,Overcast,20,14,Car,False
Elm Avenue/Rabbit Road,29/06/2024,13:00:33,W,E,Clear,30,17,Buss,False
Elm Avenue/Rabbit Road,29/06/2024,22:20:17,N,W,Light Rain,30,23,Car,False
Hanley Highway/Westway,29/06/2024,19:06:00,E,NW,Clear,20,6,Car,False
Elm Avenue/Rabbit Road,29/06/2024,20:31:34,W,S,Light Rain,30,26,Car,False
Elm Avenue/Rabbit Road,29/06/2024,02:24:46,E,E,Sunny,30,26,Car,False
Hanley Highway/Westway,29/06/2024,06:52:55,W,W,Overcast,20,14,Buss,False
Hanley Highway/Westway,29/06/2024,03:50:11,N,W,Light Rain,20,6,Car,True
Elm Avenue/Rabbit Road,29/06/2024,04:16:41,W,W,Light Rain,30,20,Bicycle,True
Hanley Highway/Westway,29/06/2024,05:22:47,N,N,Overcast,20,35,Car,False
Elm Avenue/Rabbit Road,29/06/2024,00:46:46,W,W,Cloudy,30,30,Car,True
Elm Avenue/Rabbit Road,29/06/2024,09:58:38,W,W,Cloudy,30,19,Car,True
Elm Avenue/Rabbit Road,29/06/2024,13:34:54,N,N,Overcast,30,22,Car,False
Elm Avenue/Rabbit Road,29/06/2024,22:35:23,W,W,Sunny,30,21,Car,False
Elm Avenue/Rabbit Road,29/06/2024,02:52:35,W,E,Light Rain,30,29,Car,False
Elm Avenue/Rabbit Road,29/06/2024,05:52:27,W,E,Overcast,30,21,Motorcycle,False
Hanley Highway/Westway,29/06/2024,13:54:51,SW,NW,Overcast,20,7,Car,False
Hanley Highway/Westway,29/06/2024,00:03:15,SE,SE,Overcast,20,9,Car,True
Elm Avenue/Rabbit Road,29/06/2024,22:13:31,S,N,Overcast,30,30,Buss,False
Elm Avenue/Rabbit Road,29/06/2024,21:06:37,W,W,Clear,30,28,Van,False
Elm Avenue/Rabbit Road,29/06/2024,18:49:29,E,E,Light Rain,30,18,Car,True
Elm Avenue/Rabbit Road,29/06/2024,19:10:45,W,S,Clear,30,22,Motorcycle,False
Elm Avenue/Rabbit Road,29/06/2024,01:03:45,S,S,Overcast,30,25,Truck,False
Hanley Highway/Westway,29/06/2024,02:21:33,SE,SE,Clear,20,14,Buss,False
Hanley Highway/Westway,29/06/2024,05:36:54,NE,NW,Overcast,20,20,Car,False
Hanley Highway/Westway,29/06/2024,19:07:42,N,N,Light Rain,20,17,Car,False
Elm Avenue/Rabbit Road,29/06/2024,00:05:32,E,S,Clear,30,45,Truck,False
Hanley Highway/Westway,29/06/2024,02:38:17,NE,NE,Rain,20,14,Buss,True
Elm Avenue/Rabbit Road,29/06/2024,02:53:52,W,W,Heavy Rain,30,19,Truck,False
Hanley Highway/Westway,29/06/2024,23:16:54,W,W,Cloudy,20,10,Motorcycle,True
Elm Avenue/Rabbit Road,29/06/2024,22:45:14,E,N,Clear,30,22,Car,False
Elm Avenue/Rabbit Road,29/06/2024,06:34:39,N,E,Cloudy,30,21,Car,False
Hanley Highway/Westway,29/06/2024,02:29:33,NW,W,Overcast,20,8,Car,False
Elm Avenue/Rabbit Road,29/06/2024,15:02:20,N,N,Clear,30,30,Motorcycle,False
Elm Avenue/Rabbit Road,29/06/2024,22:49:27,S,N,Sunny,30,20,Scooter,False
Hanley Highway/Westway,29/06/2024,20:44:03,S,S,Overcast,20,10,Buss,False
Elm Avenue/Rabbit Road,29/06/2024,01:26:08,S,S,Rain,30,27,Car,False
Elm Avenue/Rabbit Road,29/06/2024,11:19:40,E,S,Overcast,30,24,Buss,True
Hanley Highway/Westway,29/06/2024,15:58:19,SW,SW,Cloudy,20,14,Van,False
Hanley Highway/Westway,29/06/2024,01:26:00,S,NE,Overcast,20,40,Truck,False
Elm Avenue/Rabbit Road,29/06/2024,12:22:17,S,S,Overcast,30,42,Car,False
Hanley Highway/Westway,29/06/2024,15:19:07,SW,W,Clear,20,12,Car,False
Elm Avenue/Rabbit Road,29/06/2024,19:58:20,W,E,Overcast,30,18,Truck,False
Hanley Highway/Westway,29/06/2024,18:26:55,NE,W,Light Rain,20,14,Car,False
Elm Avenue/Rabbit Road,29/06/2024,03:17:25,N,N,Clear,30,22,Car,False
Hanley Highway/Westway,29/06/2024,14:14:14,N,N,Clear,20,5,Truck,False
Elm Avenue/Rabbit Road,29/06/2024,12:10:08,E,E,Sunny,30,25,Truck,True
Hanley Highway/Westway,29/06/2024,03:30:47,S,S,Sunny,20,10,Truck,True
Elm Avenue/Rabbit Road,29/06/2024,16:39:05,N,N,Clear,30,32,Car,False
Elm Avenue/Rabbit Road,29/06/2024,08:09:32,N,W,Clear,30,27,Bicycle,False
Hanley Highway/Westway,29/06/2024,17:21:41,N,N,Clear,20,19,Van,True
Elm Avenue/Rabbit Road,29/06/2024,23:45:51,W,N,Clear,30,29,Buss,True
Hanley Highway/Westway,29/06/2024,04:45:04,SE,SE,Clear,20,13,Truck,False
Hanley Highway/Westway,29/06/2024,11:23:43,SW,N,Clear,20,16,Car,False
Hanley Highway/Westway,29/06/2024,03:49:17,NE,SE,Overcast,20,17,Car,False
Hanley Highway/Westway,29/06/2024,08:10:01,SW,SW,Light Rain,20,11,Car,False
Hanley Highway/Westway,29/06/2024,10:54:45,W,W,Overcast,20,15,Van,False
Hanley Highway/Westway,29/06/2024,01:49:52,W,NW,Overcast,20,18,Motorcycle,False
Hanley Highway/Westway,29/06/2024,19:52:46,NW,NW,Overcast,20,14,Van,False
Hanley Highway/Westway,29/06/2024,08:49:50,S,S,Overcast,20,21,Motorcycle,False
Hanley Highway/Westway,29/06/2024,11:51:29,SE,N,Overcast,20,9,Car,True
Hanley Highway/Westway,29/06/2024,16:59:13,E,W,Light Rain,20,12,Van,False
Hanley Highway/Westway,29/06/2024,12:24:32,NE,NE,Overcast,20,18,Car,False
Hanley Highway/Westway,29/06/2024,01:35:20,SW,SW,Light Rain,20,21,Car,False
Elm Avenue/Rabbit Road,29/06/2024,08:43:01,N,W,Light Rain,30,18,Scooter,False
Elm Avenue/Rabbit Road,29/06/2024,14:13:29,E,S,Overcast,30,28,Scooter,False
Elm Avenue/Rabbit Road,29/06/2024,07:48:12,W,N,Clear,30,20,Car,False
Hanley Highway/Westway,29/06/2024,22:52:09,N,SW,Overcast,20,14,Bicycle,False
Elm Avenue/Rabbit Road,29/06/2024,20:06:32,W,W,Clear,30,44,Motorcycle,False
Elm Avenue/Rabbit Road,29/06/2024,15:54:56,N,S,Overcast,30,42,Bicycle,False
Elm Avenue/Rabbit Road,29/06/2024,08:48:41,W,S,Clear,30,30,Bicycle,True
Elm Avenue/Rabbit Road,29/06/2024,22:17:48,W,E,Clear,30,23,Buss,False
Elm Avenue/Rabbit Road,29/06/2024,11:15:40,W,W,Light Rain,30,20,Car,False
Elm Avenue/Rabbit Road,29/06/2024,05:45:35,W,W,Clear,30,22,Bicycle,False
Elm Avenue/Rabbit Road,29/06/2024,14:29:53,E,E,Clear,30,18,Bicycle,False
Hanley Highway/Westway,29/06/2024,16:21:47,NW,E,Rain,20,11,Buss,False
Elm Avenue/Rabbit Road,29/06/2024,03:55:22,N,N,Light Rain,30,27,Car,False
Elm Avenue/Rabbit Road,29/06/2024,15:01:18,S,N,Clear,30,27,Car,True
Hanley Highway/Westway,29/06/2024,06:14:10,SW,E,Overcast,20,10,Buss,False
Elm Avenue/Rabbit Road,29/06/2024,04:33:32,E,E,Cloudy,30,18,Car,False
Elm Avenue/Rabbit Road,29/06/2024,03:10:35,S,N,Clear,30,17,Car,True
Elm Avenue/Rabbit Road,29/06/2024,05:33:50,N,E,Cloudy,30,25,Car,False
Hanley Highway/Westway,29/06/2024,01:43:41,W,NE,Overcast,20,13,Car,False
Hanley Highway/Westway,29/06/2024,12:07:31,W,NE,Sunny,20,6,Car,False
Hanley Highway/Westway,29/06/2024,00:40:24,SE,SW,Overcast,20,14,Motorcycle,False
Hanley Highway/Westway,29/06/2024,16:59:46,W,W,Overcast,20,8,Car,True
Elm Avenue/Rabbit Road,29/06/2024,06:39:15,E,W,Overcast,30,22,Motorcycle,False
Hanley Highway/Westway,29/06/2024,20:52:18,E,E,Clear,20,9,Bicycle,False
Hanley Highway/Westway,29/06/2024,02:44:47,S,S,Light Rain,20,18,Scooter,False
Elm Avenue/Rabbit Road,29/06/2024,03:55:30,W,E,Overcast,30,22,Car,False
Hanley Highway/Westway,29/06/2024,19:56:06,NE,NE,Overcast,20,40,Bicycle,False
Elm Avenue/Rabbit Road,29/06/2024,16:32:33,N,W,Light Rain,30,30,Bicycle,True
Hanley Highway/Westway,29/06/2024,18:37:38,SW,SW,Heavy Rain,20,10,Car,False
Hanley Highway/Westway,29/06/2024,05:04:29,E,N,Clear,20,5,Car,False
Hanley Highway/Westway,29/06/2024,08:37:15,NW,NE,Sunny,20,12,Car,False
Elm Avenue/Rabbit Road,29/06/2024,23:51:05,S,S,Light Rain,30,26,Van,False
Elm Avenue/Rabbit Road,29/06/2024,20:07:00,E,E,Cloudy,30,46,Car,False
Hanley Highway/Westway,29/06/2024,00:35:21,SE,E,Clear,20,27,Car,False
Elm Avenue/Rabbit Road,29/06/2024,05:28:44,W,W,Overcast,30,29,Truck,False
Elm Avenue/Rabbit Road,29/06/2024,21:49:33,W,W,Clear,30,27,Motorcycle,True
Elm Avenue/Rabbit Road,29/06/2024,02:06:45,E,E,Clear,30,30,Motorcycle,True
Hanley Highway/Westway,29/06/2024,15:20:50,SW,E,Overcast,20,19,Car,False
Hanley Highway/Westway,29/06/2024,10:51:46,N,NE,Light Rain,20,12,Van,False
Hanley Highway/Westway,29/06/2024,06:44:59,SE,NW,Clear,20,13,Truck,False
Hanley Highway/Westway,29/06/2024,23:24:50,NE,NE,Sunny,20,10,Car,True
Hanley Highway/Westway,29/06/2024,09:13:47,W,W,Light Rain,20,20,Car,True
Elm Avenue/Rabbit Road,29/06/2024,16:53:55,S,N,Rain,30,26,Buss,False
Elm Avenue/Rabbit Road,29/06/2024,18:51:07,N,N,Overcast,30,36,Buss,False
Hanley Highway/Westway,29/06/2024,15:18:49,NE,NW,Light Rain,20,18,Scooter,False
Elm Avenue/Rabbit Road,29/06/2024,12:35:45,N,W,Sunny,30,22,Motorcycle,False
Elm Avenue/Rabbit Road,29/06/2024,18:18:48,W,W,Rain,30,16,Truck,False
Elm Avenue/Rabbit Road,29/06/2024,13:21:39,S,S,Clear,30,28,Scooter,True
Elm Avenue/Rabbit Road,29/06/2024,17:29:28,E,E,Clear,30,42,Car,False
Elm Avenue/Rabbit Road,29/06/2024,11:06:37,W,N,Clear,30,26,Scooter,False
Elm Avenue/Rabbit Road,29/06/2024,12:03:47,S,S,Overcast,30,20,Car,True
Hanley Highway/Westway,29/06/2024,01:39:23,W,NE,Rain,20,23,Bicycle,False
Hanley Highway/Westway,29/06/2024,07:33:07,E,E,Clear,20,16,Scooter,False
Elm Avenue/Rabbit Road,29/06/2024,22:54:53,S,N,Heavy Rain,30,30,Scooter,False
Hanley Highway/Westway,29/06/2024,08:16:43,N,N,Overcast,20,10,Car,False
Elm Avenue/Rabbit Road,29/06/2024,05:34:50,W,E,Overcast,30,18,Buss,False
Hanley Highway/Westway,29/06/2024,23:35:07,S,E,Sunny,20,8,Scooter,False
Elm Avenue/Rabbit Road,29/06/2024,19:19:55,W,W,Clear,30,18,Car,False
Elm Avenue/Rabbit Road,29/06/2024,23:05:39,N,W,Overcast,30,42,Car,True
Hanley Highway/Westway,29/06/2024,01:57:00,SW,SW,Rain,20,12,Car,False
Elm Avenue/Rabbit Road,29/06/2024,06:00:14,W,N,Light Rain,30,28,Car,True
Hanley Highway/Westway,29/06/2024,07:39:13,N,N,Sunny,20,12,Car,False
Hanley Highway/Westway,29/06/2024,22:47:38,SE,NE,Clear,20,36,Truck,False
Hanley Highway/Westway,29/06/2024,23:43:47,SE,NW,Clear,20,9,Car,False
Hanley Highway/Westway,29/06/2024,10:23:07,SE,SE,Light Rain,20,6,Truck,True
Elm Avenue/Rabbit Road,29/06/2024,03:19:45,N,E,Overcast,30,15,Scooter,False
Elm Avenue/Rabbit Road,29/06/2024,02:25:06,W,E,Overcast,30,20,Van,False
Elm Avenue/Rabbit Road,29/06/2024,08:15:56,E,E,Overcast,30,41,Scooter,True
Hanley Highway/Westway,29/06/2024,19:57:31,SW,NE,Clear,20,13,Van,True
Elm Avenue/Rabbit Road,29/06/2024,08:27:51,S,E,Overcast,30,20,Buss,True
Hanley Highway/Westway,29/06/2024,07:05:03,NE,W,Overcast,20,5,Car,True
Hanley Highway/Westway,29/06/2024,11:12:32,SW,SE,Heavy Rain,20,6,Car,True
Hanley Highway/Westway,29/06/2024,10:46:30,SW,S,Clear,20,5,Van,False
Elm Avenue/Rabbit Road,29/06/2024,08:32:52,S,S,Overcast,30,18,Car,False
Elm Avenue/Rabbit Road,29/06/2024,07:26:29,W,S,Clear,30,16,Truck,False
Hanley Highway/Westway,29/06/2024,09:01:06,SW,SE,Clear,20,29,Buss,True
Elm Avenue/Rabbit Road,29/06/2024,05:14:36,W,E,Clear,30,42,Buss,False
Hanley Highway/Westway,29/06/2024,03:14:31,NE,N,Light Rain,20,10,Car,False
Hanley Highway/Westway,29/06/2024,10:59:12,SW,E,Clear,20,12,Bicycle,False
Hanley Highway/Westway,29/06/2024,10:56:21,NE,E,Clear,20,10,Bicycle,True
Elm Avenue/Rabbit Road,29/06/2024,05:43:29,W,N,Clear,30,21,Motorcycle,True
Elm Avenue/Rabbit Road,29/06/2024,18:43:59,N,E,Clear,30,43,Car,True
Hanley Highway/Westway,29/06/2024,13:01:55,N,S,Overcast,20,12,Motorcycle,True
Hanley Highway/Westway,29/06/2024,10:41:20,SW,E,Sunny,20,16,Car,False
Elm Avenue/Rabbit Road,29/06/2024,10:57:57,W,E,Sunny,30,26,Car,True
Elm Avenue/Rabbit Road,29/06/2024,01:09:53,N,N,Clear,30,19,Car,False
Elm Avenue/Rabbit Road,29/06/2024,07:55:10,E,E,Overcast,30,22,Motorcycle,False
Elm Avenue/Rabbit Road,29/06/2024,14:35:45,E,E,Clear,30,24,Motorcycle,False
Hanley Highway/Westway,29/06/2024,09:05:04,NE,NW,Clear,20,11,Car,False
Hanley Highway/Westway,29/06/2024,02:41:04,SE,SE,Clear,20,14,Scooter,False
Elm Avenue/Rabbit Road,29/06/2024,04:15:41,W,W,Heavy Rain,30,16,Van,False
Hanley Highway/Westway,29/06/2024,23:48:06,N,NE,Rain,20,15,Van,False
Hanley Highway/Westway,29/06/2024,02:02:43,SE,NW,Clear,20,16,Car,False
Hanley Highway/Westway,29/06/2024,20:24:25,SE,SE,Rain,20,38,Truck,False
Elm Avenue/Rabbit Road,29/06/2024,19:38:55,S,S,Overcast,30,23,Car,False
Elm Avenue/Rabbit Road,29/06/2024,12:26:36,W,E,Light Rain,30,30,Car,False
Elm Avenue/Rabbit Road,29/06/2024,14:24:39,W,E,Cloudy,30,15,Scooter,False
Hanley Highway/Westway,29/06/2024,04:13:49,NW,NW,Rain,20,16,Car,True
Hanley Highway/Westway,29/06/2024,06:37:44,SW,SW,Light Rain,20,5,Car,True
Hanley Highway/Westway,29/06/2024,06:30:29,E,SW,Overcast,20,15,Car,False
Elm Avenue/Rabbit Road,29/06/2024,07:33:25,W,W,Clear,30,27,Scooter,False
Hanley Highway/Westway,29/06/2024,04:03:47,SE,NW,Overcast,20,19,Truck,False
Elm Avenue/Rabbit Road,29/06/2024,16:31:58,W,W,Rain,30,28,Motorcycle,False
Elm Avenue/Rabbit Road,29/06/2024,19:08:56,W,S,Rain,30,47,Motorcycle,False
Hanley Highway/Westway,29/06/2024,01:24:44,NW,NW,Clear,20,9,Bicycle,False
Elm Avenue/Rabbit Road,29/06/2024,21:02:52,N,N,Rain,30,20,Truck,False
Hanley Highway/Westway,29/06/2024,16:24:19,SE,SE,Overcast,20,15,Car,False
Elm Avenue/Rabbit Road,29/06/2024,06:08:16,E,S,Overcast,30,18,Car,False
Hanley Highway/Westway,29/06/2024,18:39:55,N,SE,Sunny,20,30,Truck,False
Hanley Highway/Westway,29/06/2024,14:13:41,S,S,Light Rain,20,20,Car,False
Hanley Highway/Westway,29/06/2024,20:06:28,W,N,Light Rain,20,8,Buss,False
Elm Avenue/Rabbit Road,29/06/2024,02:53:40,S,S,Cloudy,30,22,Van,False
Hanley Highway/Westway,29/06/2024,22:23:12,SW,SW,Clear,20,39,Van,False
Elm Avenue/Rabbit Road,29/06/2024,00:32:04,S,S,Heavy Rain,30,19,Scooter,False
Hanley Highway/Westway,29/06/2024,15:10:32,NE,W,Light Rain,20,19,Motorcycle,False
Elm Avenue/Rabbit Road,29/06/2024,21:48:13,E,E,Light Rain,30,28,Scooter,False
Elm Avenue/Rabbit Road,29/06/2024,20:24:39,E,E,Overcast,30,22,Buss,False
Hanley Highway/Westway,29/06/2024,19:42:48,N,NE,Overcast,20,5,Car,False
Hanley Highway/Westway,29/06/2024,05:57:12,E,NW,Rain,20,34,Motorcycle,True
Hanley Highway/Westway,29/06/2024,16:10:45,NE,N,Cloudy,20,18,Buss,False
Hanley Highway/Westway,29/06/2024,13:40:06,W,N,Clear,20,18,Scooter,True
Elm Avenue/Rabbit Road,29/06/2024,07:26:14,E,E,Light Rain,30,43,Car,False
Elm Avenue/Rabbit Road,29/06/2024,02:45:57,E,E,Overcast,30,18,Car,False
Hanley Highway/Westway,29/06/2024,23:33:16,N,N,Overcast,20,18,Buss,False
Hanley Highway/Westway,29/06/2024,08:10:51,S,S,Overcast,20,11,Car,True
Hanley Highway/Westway,29/06/2024,22:10:57,N,E,Overcast,20,15,Motorcycle,False
Elm Avenue/Rabbit Road,29/06/2024,13:04:06,W,W,Clear,30,27,Car,False
Hanley Highway/Westway,29/06/2024,14:28:41,N,SE,Overcast,20,17,Car,False
Hanley Highway/Westway,29/06/2024,21:22:31,SE,SE,Overcast,20,38,Buss,True
Hanley Highway/Westway,29/06/2024,19:04:19,N,NE,Light Rain,20,15,Bicycle,False
Elm Avenue/Rabbit Road,29/06/2024,05:30:26,W,E,Heavy Rain,30,27,Truck,False
Hanley Highway/Westway,29/06/2024,06:02:07,NW,NE,Overcast,20,10,Motorcycle,False
Hanley Highway/Westway,29/06/2024,15:42:22,SW,SW,Light Rain,20,9,Bicycle,True
Hanley Highway/Westway,29/06/2024,04:58:51,E,SW,Rain,20,20,Buss,False
Elm Avenue/Rabbit Road,29/06/2024,14:02:31,N,N,Clear,30,25,Car,False
Elm Avenue/Rabbit Road,29/06/2024,13:14:52,W,S,Sunny,30,29,Car,False
Elm Avenue/Rabbit Road,29/06/2024,21:42:40,W,W,Overcast,30,32,Car,False
Elm Avenue/Rabbit Road,29/06/2024,04:25:11,W,W,Rain,30,27,Truck,False
Hanley Highway/Westway,29/06/2024,09:42:13,W,NE,Light Rain,20,5,Truck,False
Hanley Highway/Westway,29/06/2024,05:52:29,N,N,Clear,20,20,Buss,False
Elm Avenue/Rabbit Road,29/06/2024,18:38:59,E,W,Heavy Rain,30,20,Buss,False
Hanley Highway/Westway,29/06/2024,23:35:44,SE,SE,Rain,20,9,Car,False
Hanley Highway/Westway,29/06/2024,23:27:16,E,E,Clear,20,5,Car,False
Hanley Highway/Westway,29/06/2024,02:41:37,W,W,Overcast,20,12,Truck,False
Hanley Highway/Westway,29/06/2024,07:03:12,E,E,Sunny,20,16,Car,False
Hanley Highway/Westway,29/06/2024,20:48:58,NE,NE,Clear,20,20,Van,False
Elm Avenue/Rabbit Road,29/06/2024,17:21:06,N,E,Clear,30,28,Car,False
Elm Avenue/Rabbit Road,29/06/2024,11:14:58,S,E,Rain,30,19,Buss,False
Elm Avenue/Rabbit Road,29/06/2024,20:55:59,N,N,Clear,30,17,Car,False
Hanley Highway/Westway,29/06/2024,02:40:24,NW,NW,Rain,20,12,Scooter,True
Hanley Highway/Westway,29/06/2024,18:04:00,N,N,Clear,20,29,Truck,False
Hanley Highway/Westway,29/06/2024,05:04:46,E,E,Overcast,20,19,Van,False
Elm Avenue/Rabbit Road,29/06/2024,17:54:37,W,W,Sunny,30,28,Truck,False
Elm Avenue/Rabbit Road,29/06/2024,05:44:23,W,S,Clear,30,19,Car,True
Elm Avenue/Rabbit Road,29/06/2024,04:53:02,W,W,Light Rain,30,16,Motorcycle,False
Hanley Highway/Westway,29/06/2024,09:56:28,S,W,Clear,20,14,Car,False
Elm Avenue/Rabbit Road,29/06/2024,05:28:33,E,W,Overcast,30,17,Truck,False
Hanley Highway/Westway,29/06/2024,06:59:22,NE,W,Overcast,20,13,Buss,True
Hanley Highway/Westway,29/06/2024,20:09:48,W,W,Overcast,20,6,Motorcycle,False
Hanley Highway/Westway,29/06/2024,01:31:21,N,N,Clear,20,7,Car,False
Hanley Highway/Westway,29/06/2024,11:27:51,SE,E,Sunny,20,32,Motorcycle,True
Hanley Highway/Westway,29/06/2024,10:35:37,SW,SW,Clear,20,15,Car,False
Elm Avenue/Rabbit Road,29/06/2024,19:36:18,E,E,Overcast,30,26,Van,False
Elm Avenue/Rabbit Road,29/06/2024,05:03:03,E,E,Heavy Rain,30,28,Truck,False
Hanley Highway/Westway,29/06/2024,19:24:15,NE,S,Clear,20,15,Motorcycle,False
Elm Avenue/Rabbit Road,29/06/2024,07:10:15,W,W,Overcast,30,19,Car,False
Hanley Highway/Westway,29/06/2024,05:32:42,SE,E,Sunny,20,12,Scooter,False
Elm Avenue/Rabbit Road,29/06/2024,07:58:31,E,W,Overcast,30,20,Buss,True
Elm Avenue/Rabbit Road,29/06/2024,02:33:16,N,E,Overcast,30,37,Buss,True
Elm Avenue/Rabbit Road,29/06/2024,07:44:00,W,W,Rain,30,23,Buss,False
Hanley Highway/Westway,29/06/2024,09:52:55,SW,E,Overcast,20,18,Scooter,False
Elm Avenue/Rabbit Road,29/06/2024,03:17:15,S,N,Overcast,30,35,Buss,True
Elm Avenue/Rabbit Road,29/06/2024,06:52:24,E,E,Overcast,30,16,Bicycle,False
Elm Avenue/Rabbit Road,29/06/2024,23:48:54,N,S,Light Rain,30,33,Buss,False
Hanley Highway/Westway,29/06/2024,21:28:46,SW,S,Rain,20,17,Buss,True
Hanley Highway/Westway,29/06/2024,19:45:09,SW,SW,Light Rain,20,13,Truck,True
Elm Avenue/Rabbit Road,29/06/2024,03:29:41,W,W,Rain,30,16,Car,True
Hanley Highway/Westway,29/06/2024,21:36:55,S,S,Overcast,20,5,Van,False
Hanley Highway/Westway,29/06/2024,06:34:17,NE,N,Light Rain,20,14,Buss,False
Hanley Highway/Westway,29/06/2024,04:17:56,N,SW,Overcast,20,12,Motorcycle,True
Hanley Highway/Westway,29/06/2024,16:10:32,W,W,Clear,20,17,Car,False
Hanley Highway/Westway,29/06/2024,10:20:37,NE,S,Light Rain,20,7,Car,False
Elm Avenue/Rabbit Road,29/06/2024,00:09:01,E,E,Light Rain,30,20,Buss,False
Hanley Highway/Westway,29/06/2024,07:40:46,SW,SW,Sunny,20,19,Motorcycle,False
Hanley Highway/Westway,29/06/2024,05:03:36,NE,NE,Sunny,20,13,Car,True
Elm Avenue/Rabbit Road,29/06/2024,06:50:56,S,S,Sunny,30,17,Buss,False
Hanley Highway/Westway,29/06/2024,14:19:25,E,NE,Sunny,20,14,Buss,False
Elm Avenue/Rabbit Road,29/06/2024,16:54:53,N,S,Clear,30,27,Bicycle,False
Hanley Highway/Westway,29/06/2024,16:56:19,SW,SE,Overcast,20,12,Van,True
Elm Avenue/Rabbit Road,29/06/2024,19:07:47,W,W,Sunny,30,20,Van,False
Elm Avenue/Rabbit Road,29/06/2024,09:33:15,W,S,Overcast,30,28,Bicycle,False
Elm Avenue/Rabbit Road,29/06/2024,21:14:58,W,S,Overcast,30,19,Scooter,True
Elm Avenue/Rabbit Road,29/06/2024,02:08:12,E,W,Rain,30,28,Van,False
Hanley Highway/Westway,29/06/2024,04:14:36,NW,E,Clear,20,11,Truck,False
Elm Avenue/Rabbit Road,29/06/2024,18:48:49,E,E,Overcast,30,42,Car,False
Elm Avenue/Rabbit Road,29/06/2024,17:21:13,N,N,Clear,30,21,Car,True
Hanley Highway/Westway,29/06/2024,18:58:12,S,S,Overcast,20,16,Car,True
Hanley Highway/Westway,29/06/2024,14:57:40,NW,S,Cloudy,20,18,Scooter,False
Hanley Highway/Westway,29/06/2024,01:45:43,SE,SW,Clear,20,7,Car,True
Elm Avenue/Rabbit Road,29/06/2024,19:39:48,S,N,Sunny,30,30,Car,True
Elm Avenue/Rabbit Road,29/06/2024,04:33:52,N,N,Overcast,30,48,Car,False
Elm Avenue/Rabbit Road,29/06/2024,12:16:18,S,N,Heavy Rain,30,29,Bicycle,False
Hanley Highway/Westway,29/06/2024,06:40:53,N,E,Overcast,20,17,Car,False
Hanley Highway/Westway,29/06/2024,03:02:31,S,S,Sunny,20,24,Car,False
Elm Avenue/Rabbit Road,29/06/2024,15:17:23,E,E,Rain,30,36,Bicycle,False
Elm Avenue/Rabbit Road,29/06/2024,04:09:46,W,W,Rain,30,23,Scooter,False
Elm Avenue/Rabbit Road,29/06/2024,10:03:14,N,N,Overcast,30,15,Truck,False
Hanley Highway/Westway,29/06/2024,09:07:36,NW,NW,Sunny,20,16,Car,False
Hanley Highway/Westway,29/06/2024,02:57:12,S,N,Rain,20,7,Buss,True
Hanley Highway/Westway,29/06/2024,21:42:43,SW,SW,Heavy Rain,20,12,Car,False
Elm Avenue/Rabbit Road,29/06/2024,20:15:54,E,S,Overcast,30,18,Motorcycle,False
Elm Avenue/Rabbit Road,29/06/2024,23:29:42,W,N,Clear,30,39,Car,False
Elm Avenue/Rabbit Road,29/06/2024,14:21:41,W,S,Overcast,30,23,Car,False
Hanley Highway/Westway,29/06/2024,16:49:09,SW,W,Overcast,20,5,Motorcycle,True
Elm Avenue/Rabbit Road,29/06/2024,01:08:47,S,S,Clear,30,20,Car,False
Elm Avenue/Rabbit Road,29/06/2024,23:16:29,W,S,Heavy Rain,30,25,Buss,False
Hanley Highway/Westway,29/06/2024,14:02:10,W,NE,Clear,20,19,Car,False
Elm Avenue/Rabbit Road,29/06/2024,03:48:35,E,E,Overcast,30,17,Truck,False
Elm Avenue/Rabbit Road,29/06/2024,08:54:42,S,S,Clear,30,15,Van,True
Elm Avenue/Rabbit Road,29/06/2024,01:00:12,S,S,Overcast,30,17,Car,False
Elm Avenue/Rabbit Road,29/06/2024,23:13:19,N,E,Sunny,30,26,Motorcycle,False
Hanley Highway/Westway,29/06/2024,03:18:47,NW,NW,Clear,20,9,Buss,False
Elm Avenue/Rabbit Road,29/06/2024,01:58:08,N,N,Light Rain,30,21,Buss,False
Hanley Highway/Westway,29/06/2024,08:16:36,NE,S,Light Rain,20,26,Car,True
Hanley Highway/Westway,29/06/2024,04:13:39,S,S,Sunny,20,15,Car,False
Elm Avenue/Rabbit Road,29/06/2024,19:57:25,N,E,Light Rain,30,28,Car,False
Hanley Highway/Westway,29/06/2024,15:28:43,W,NE,Light Rain,20,16,Buss,False
Hanley Highway/Westway,29/06/2024,10:04:38,SW,SW,Overcast,20,16,Truck,False
Hanley Highway/Westway,29/06/2024,02:45:15,W,W,Clear,20,25,Motorcycle,False
Elm Avenue/Rabbit Road,29/06/2024,15:38:13,W,W,Clear,30,25,Car,True
Hanley Highway/Westway,29/06/2024,09:05:57,NE,NE,Clear,20,5,Bicycle,False
Elm Avenue/Rabbit Road,29/06/2024,04:12:59,E,E,Cloudy,30,30,Car,False
Hanley Highway/Westway,29/06/2024,20:50:48,S,SW,Heavy Rain,20,10,Buss,False
Hanley Highway/Westway,29/06/2024,12:43:14,N,SW,Rain,20,5,Bicycle,True
Elm Avenue/Rabbit Road,29/06/2024,00:17:58,N,N,Overcast,30,24,Car,False
Hanley Highway/Westway,29/06/2024,18:36:41,SW,SW,Overcast,20,14,Car,False
Elm Avenue/Rabbit Road,29/06/2024,06:44:29,E,N,Sunny,30,24,Van,False
Elm Avenue/Rabbit Road,29/06/2024,09:46:12,E,N,Overcast,30,26,Bicycle,False
Hanley Highway/Westway,29/06/2024,07:27:00,SE,SW,Light Rain,20,33,Car,False
Elm Avenue/Rabbit Road,29/06/2024,14:37:32,E,N,Sunny,30,28,Scooter,True
Elm Avenue/Rabbit Road,29/06/2024,05:51:39,E,W,Rain,30,27,Van,False
Hanley Highway/Westway,29/06/2024,18:40:46,SW,NE,Overcast,20,36,Van,True
Hanley Highway/Westway,29/06/2024,18:23:43,S,S,Overcast,20,35,Car,False
Hanley Highway/Westway,29/06/2024,20:26:01,NE,SW,Clear,20,17,Car,True
Elm Avenue/Rabbit Road,29/06/2024,09:45:48,E,E,Light Rain,30,18,Bicycle,True
Hanley Highway/Westway,29/06/2024,08:58:27,N,N,Overcast,20,11,Scooter,False
Hanley Highway/Westway,29/06/2024,05:15:38,NW,S,Clear,20,17,Bicycle,False
Hanley Highway/Westway,29/06/2024,15:30:12,N,SE,Sunny,20,11,Car,False
Hanley Highway/Westway,29/06/2024,03:29:12,W,W,Rain,20,10,Truck,False
Elm Avenue/Rabbit Road,29/06/2024,04:58:09,S,S,Clear,30,26,Car,False
Elm Avenue/Rabbit Road,29/06/2024,13:56:49,N,S,Overcast,30,23,Buss,False
Hanley Highway/Westway,29/06/2024,17:44:32,N,N,Clear,20,7,Buss,True
Elm Avenue/Rabbit Road,29/06/2024,19:17:32,W,W,Sunny,30,17,Bicycle,False
Hanley Highway/Westway,29/06/2024,15:07:16,SW,SW,Rain,20,21,Car,True
Hanley Highway/Westway,29/06/2024,07:28:59,SE,SE,Cloudy,20,7,Car,True
Hanley Highway/Westway,29/06/2024,18:18:57,S,NE,Clear,20,11,Car,True
Hanley Highway/Westway,29/06/2024,01:39:00,E,W,Clear,20,6,Bicycle,False
Elm Avenue/Rabbit Road,29/06/2024,12:29:17,N,E,Heavy Rain,30,29,Bicycle,True
Hanley Highway/Westway,29/06/2024,00:08:59,E,E,Rain,20,9,Bicycle,True
Hanley Highway/Westway,29/06/2024,04:04:15,NW,NW,Overcast,20,7,Bicycle,True
Elm Avenue/Rabbit Road,29/06/2024,13:41:12,N,N,Overcast,30,18,Motorcycle,False
Hanley Highway/Westway,29/06/2024,21:14:39,E,E,Clear,20,37,Car,False
Hanley Highway/Westway,29/06/2024,17:58:20,N,SE,Rain,20,17,Car,True
Elm Avenue/Rabbit Road,29/06/2024,18:52:29,N,E,Heavy Rain,30,20,Car,False
Hanley Highway/Westway,29/06/2024,13:45:16,S,NW,Overcast,20,23,Scooter,False
Hanley Highway/Westway,29/06/2024,18:10:48,NE,S,Overcast,20,16,Car,False
Elm Avenue/Rabbit Road,29/06/2024,16:20:50,W,W,Clear,30,29,Buss,False
Hanley Highway/Westway,29/06/2024,06:52:15,NE,W,Clear,20,19,Scooter,False
Hanley Highway/Westway,29/06/2024,14:52:20,SE,W,Overcast,20,8,Motorcycle,False
Elm Avenue/Rabbit Road,29/06/2024,20:23:25,N,S,Sunny,30,22,Van,False
Elm Avenue/Rabbit Road,29/06/2024,12:00:05,S,E,Cloudy,30,25,Motorcycle,False
Hanley Highway/Westway,29/06/2024,23:00:24,NE,W,Rain,20,17,Scooter,False
Elm Avenue/Rabbit Road,29/06/2024,14:21:31,N,W,Overcast,30,16,Buss,False
Elm Avenue/Rabbit Road,29/06/2024,02:26:06,W,W,Light Rain,30,19,Car,False
Hanley Highway/Westway,29/06/2024,07:56:25,SE,S,Rain,20,15,Car,True
Elm Avenue/Rabbit Road,29/06/2024,01:27:15,N,N,Rain,30,18,Van,False
Elm Avenue/Rabbit Road,29/06/2024,15:10:38,W,W,Overcast,30,42,Car,False
Hanley Highway/Westway,29/06/2024,16:52:01,SW,SW,Heavy Rain,20,14,Motorcycle,False
Hanley Highway/Westway,29/06/2024,21:38:28,NW,E,Overcast,20,13,Car,False
Hanley Highway/Westway,29/06/2024,22:19:15,E,E,Overcast,20,12,Car,True
Hanley Highway/Westway,29/06/2024,22:42:30,N,W,Light Rain,20,29,Scooter,False
Elm Avenue/Rabbit Road,29/06/2024,22:10:14,N,N,Overcast,30,23,Van,False
Hanley Highway/Westway,29/06/2024,19:05:52,E,E,Clear,20,21,Car,False
Elm Avenue/Rabbit Road,29/06/2024,01:46:06,N,E,Rain,30,48,Car,False
Elm Avenue/Rabbit Road,29/06/2024,05:58:23,N,S,Light Rain,30,15,Buss,False
Elm Avenue/Rabbit Road,29/06/2024,11:00:44,N,N,Light Rain,30,23,Car,False
Elm Avenue/Rabbit Road,29/06/2024,00:21:50,N,N,Clear,30,27,Car,False
Hanley Highway/Westway,29/06/2024,09:59:29,SW,SW,Light Rain,20,8,Car,False
Hanley Highway/Westway,29/06/2024,19:34:06,E,SE,Light Rain,20,9,Car,False
Hanley Highway/Westway,29/06/2024,03:45:21,SE,SE,Clear,20,15,Car,True
Elm Avenue/Rabbit Road,29/06/2024,05:06:34,E,N,Heavy Rain,30,39,Buss,False
Elm Avenue/Rabbit Road,29/06/2024,07:41:57,E,N,Clear,30,23,Buss,False
Elm Avenue/Rabbit Road,29/06/2024,23:06:38,W,W,Overcast,30,15,Truck,False
Hanley Highway/Westway,29/06/2024,20:47:54,N,S,Overcast,20,13,Motorcycle,False
Hanley Highway/Westway,29/06/2024,04:41:55,S,N,Overcast,20,15,Car,False
Hanley Highway/Westway,29/06/2024,03:45:49,SE,SW,Overcast,20,7,Truck,False
Elm Avenue/Rabbit Road,29/06/2024,21:53:57,S,S,Clear,30,41,Motorcycle,False
Elm Avenue/Rabbit Road,29/06/2024,08:43:56,E,E,Light Rain,30,29,Truck,False
Hanley Highway/Westway,29/06/2024,15:39:10,S,SE,Clear,20,8,Car,False
Elm Avenue/Rabbit Road,29/06/2024,13:36:02,S,S,Clear,30,23,Buss,False
Elm Avenue/Rabbit Road,29/06/2024,19:40:15,W,N,Clear,30,21,Car,False
Hanley Highway/Westway,29/06/2024,14:37:32,NW,NW,Clear,20,18,Van,False
